case,ntasks,ecutwfc_ry,ecutrho_ry,kgrid,status,elapsed_s,total_energy_ry,job_done
ecut40_k12_n4,4,40,320,12,0,30,-421.65954556,1
ecut50_k12_n4,4,50,400,12,0,36,-421.66118052,1
ecut60_k12_n4,4,60,480,12,0,48,-421.66191142,1
ecut50_k6_n4,4,50,400,6,0,26,-421.66168340,1
ecut50_k9_n4,4,50,400,9,0,30,-421.66123455,1
ecut50_k15_n4,4,50,400,15,0,43,-421.66117086,1
ecut50_k12_n1,1,50,400,12,0,102,-421.66118052,1
ecut50_k12_n2,2,50,400,12,0,61,-421.66118052,1
ecut50_k12_n8,8,50,400,12,0,25,-421.66118051,1
ecut50_k12_n16,16,50,400,12,0,23,-421.66118051,1
