stack_atom_index,reference_case,reference_atom_index,subsystem,layer,species,x_angstrom,y_angstrom,z_angstrom,stack_fx_ry_bohr,stack_fy_ry_bohr,stack_fz_ry_bohr,reference_fx_ry_bohr,reference_fy_ry_bohr,reference_fz_ry_bohr,dfx_ry_bohr,dfy_ry_bohr,dfz_ry_bohr,dfmag_ry_bohr,dfx_ev_angstrom,dfy_ev_angstrom,dfz_ev_angstrom,dfmag_ev_angstrom
1,uncapped,1,sapphire,sapphire,Al,2.3795,1.37380497,12.15514923,-1.38e-06,-2.9e-06,-0.07717761,-1.21e-06,-2.49e-06,-0.07863506,-1.6999999999999985e-07,-4.100000000000003e-07,0.001457450000000013,0.001457450067583805,-4.370875735487697e-06,-1.0541523832646815e-05,0.037472546121685914,0.03747254785933507
2,uncapped,2,sapphire,sapphire,Al,0.0,2.74760993,14.05133502,-0.00039329,-0.00078041,-0.00522135,-0.00044572,-0.00089785,-0.00584554,5.242999999999996e-05,0.0001174399999999999,0.0006241900000000002,0.0006373022945196417,0.001348029498891882,0.0030195038022098534,0.01604857014902393,0.016385700795803166
3,uncapped,3,sapphire,sapphire,Al,0.0,0.0,11.67497293,-0.00059434,-0.00031321,-0.01112087,-0.00060908,-0.00030093,-0.01252735,1.4740000000000066e-05,-1.2280000000000038e-05,0.0014064799999999999,0.0014066108404246001,0.00037898063730052345,-0.0003157314943046419,0.03616205473205141,0.03616541877462263
4,uncapped,4,sapphire,sapphire,Al,0.0,0.0,14.31494475,-0.00332758,-0.00162068,-0.00482123,-0.00335515,-0.00148801,-0.00533476,2.7569999999999765e-05,-0.0001326700000000001,0.0005135299999999999,0.0005311068580803678,0.0007088532001611463,-0.0034110828460420803,0.013203387155558813,0.013655306346674053
5,uncapped,5,sapphire,sapphire,Al,2.3795,1.37380497,15.33037709,3.41e-06,-2.345e-05,0.00340776,3.63e-06,-2.096e-05,0.00348277,-2.2e-07,-2.4900000000000016e-06,-7.500999999999992e-05,7.505163955570849e-05,-5.656427422395848e-06,-6.402047400802577e-05,-0.0019285846406996003,0.0019296552367212656
6,uncapped,6,sapphire,sapphire,Al,0.0,2.74760993,10.0,5.928e-05,8.477e-05,0.25123175,7.12e-05,5.896e-05,0.25183044,-1.1919999999999994e-05,2.5810000000000005e-05,-0.0005986900000000128,0.0005993646290865147,-0.0003064755221589021,0.0006636017807819857,-0.015392938788701101,0.015410284199904896
7,uncapped,7,sapphire,sapphire,O,3.8371817,1.37380497,10.83748647,0.07189271,0.02077061,-0.05443821,0.07203339,0.02066195,-0.05414006,-0.00014068000000000414,0.00010866,-0.00029815000000000397,0.0003471185395509775,-0.0036170282262848693,0.0027937609259887854,-0.007665744709033384,0.008924776481537031
8,uncapped,8,sapphire,sapphire,O,1.65065915,2.63619435,10.83748647,-0.05393352,0.0518767,-0.05443766,-0.05390989,0.05205265,-0.05413962,-2.362999999999671e-05,-0.0001759500000000011,-0.0002980399999999994,0.0003469072224673333,-0.0006075517272327057,-0.004523856386229798,-0.007662916495322069,0.008919343300870004
9,uncapped,9,sapphire,sapphire,O,1.65065915,0.11141558,10.83748647,-0.01795873,-0.0726463,-0.05443943,-0.01812313,-0.07271382,-0.0541411,0.00016440000000000204,6.752000000000147e-05,-0.00029832999999999943,0.00034725653240795995,0.004226893946554041,0.0017360089980007997,-0.007670372695106136,0.00892832442053853
10,uncapped,10,sapphire,sapphire,O,1.49558258,2.82026258,15.21271835,-0.0028506,-0.00019091,-0.0003856,-0.00283999,-0.00013923,-0.00020793,-1.0609999999999873e-05,-5.167999999999999e-05,-0.00017767,0.00018533759305656256,-0.00027279406796190556,-0.0013287462235882608,-0.00456807936425941,0.004765221108027194
11,uncapped,11,sapphire,sapphire,O,-0.81071034,4.00649612,15.21271835,-0.00112957,-0.00114831,-0.00287084,-0.00112166,-0.00120071,-0.00261172,-7.910000000000078e-06,5.239999999999997e-05,-0.00025911999999999984,0.00026448346356625004,-0.00020337427686887088,0.0013472581678797375,-0.006662243062232778,0.0068001432549380444
12,uncapped,12,sapphire,sapphire,O,-0.68487225,1.41607109,15.21271835,0.00353975,0.00171995,0.00055924,0.00359739,0.0017183,0.0006542,-5.763999999999986e-05,1.6499999999999588e-06,-9.495999999999994e-05,0.00011109677628086233,-0.0014819839846677086,4.2423205667967795e-05,-0.002441519763775952,0.002856412963158392
13,uncapped,13,sapphire,sapphire,O,3.27461794,0.01039232,13.04244775,-0.00075304,7.109e-05,0.00251227,-0.00078342,1.895e-05,0.00322351,3.037999999999999e-05,5.214e-05,-0.0007112400000000001,0.0007137953919716772,0.0007811012049653899,0.0013405732991078158,-0.018286715635931015,0.018352417405129034
14,uncapped,14,sapphire,sapphire,O,12.6306915432,2.83070616,13.04244775,0.00038692,0.00035361,0.00252423,0.00048433,0.00039758,0.00321447,-9.740999999999998e-05,-4.397e-05,-0.00069024,0.000698464978792781,-0.002504511796434452,-0.0011305141534670247,-0.01774678392742959,0.017958256634666457
15,uncapped,15,sapphire,sapphire,O,0.75119104,1.28031641,13.04244775,0.00044419,0.00062213,0.00251187,0.00041402,0.0006735,0.003223,3.016999999999999e-05,-5.137000000000002e-05,-0.0007111300000000004,0.0007136210357745913,0.0007757018878803757,-0.0013207758031294307,-0.018283887422219824,0.018347934527063302
16,uncapped,16,sapphire,sapphire,Al,-8.72e-08,5.495218096,12.15514923,0.00099206,0.00126792,-0.07585682,0.00096615,0.00128569,-0.07734648,2.5909999999999865e-05,-1.7769999999999852e-05,0.0014896599999999899,0.0014899912807127328,0.0006661728841557984,-0.0004568850695271517,0.038300698518391546,0.038309216087973684
17,uncapped,17,sapphire,sapphire,Al,-2.3795000872,6.869023056,14.05133502,0.00375649,0.00198855,-0.00471622,0.00368124,0.00203261,-0.00527948,7.52499999999998e-05,-4.4059999999999846e-05,0.0005632599999999995,0.0005699698884151682,0.0019347552887967563,-0.0011328281465034552,0.014481996863357645,0.014654515030779356
18,uncapped,18,sapphire,sapphire,Al,-2.3795000872,4.121413126,11.67497293,0.00030115,-9.1e-06,-0.0120378,0.00027155,-1.812e-05,-0.01336289,2.959999999999996e-05,9.02e-06,0.001325090000000001,0.001325451254667633,0.0007610465986496221,0.00023191352431822974,0.03406943369610236,0.034078721927049915
19,uncapped,19,sapphire,sapphire,Al,-2.3795000872,4.121413126,14.31494475,0.00033042,-0.00096723,-0.00624779,0.00018943,-0.00103892,-0.00677655,0.00014099,7.169000000000001e-05,0.0005287600000000005,0.0005519101138772513,0.003624998646743593,0.0018432240086889017,0.01359496619939105,0.014190179558331361
20,uncapped,20,sapphire,sapphire,Al,-8.72e-08,5.495218096,15.33037709,0.00529908,0.00853492,0.01479386,0.00526172,0.00861885,0.01486876,3.736000000000017e-05,-8.393000000000116e-05,-7.489999999999927e-05,0.00011853279925826479,0.000960564220457772,-0.0021579270616440454,-0.0019257564269883857,0.0030476008008081417
21,uncapped,21,sapphire,sapphire,Al,-2.3795000872,6.869023056,10.0,0.00011737,0.00015038,0.25107297,0.00014912,0.00014516,0.25167829,-3.175000000000001e-05,5.220000000000008e-06,-0.0006053200000000203,0.000606174573287287,-0.0008163253211866737,0.00013421159611321076,-0.015563402942385314,0.015585374905005962
22,uncapped,22,sapphire,sapphire,O,1.4576816128,5.495218096,10.83748647,0.07183954,0.02056952,-0.05468565,0.07196638,0.02044513,-0.05437665,-0.00012684000000000306,0.000124390000000002,-0.0003090000000000037,0.000356429877675825,-0.0032611875193486665,0.00319819548669014,-0.007944709425092445,0.009164180610212427
23,uncapped,23,sapphire,sapphire,O,-0.7288409372,6.757607476,10.83748647,-0.05412873,0.0516859,-0.05486884,-0.05413069,0.05184597,-0.0545893,1.9600000000022377e-06,-0.00016006999999999827,-0.00027954000000000173,0.00032213174028648654,5.03936261268569e-05,-0.004115565170467698,-0.007187262371166113,0.008282340042638999
24,uncapped,24,sapphire,sapphire,O,-0.7288409372,4.232828706,10.83748647,-0.01801684,-0.07266021,-0.05440822,-0.01817372,-0.07271972,-0.0541112,0.0001568800000000016,5.950999999999873e-05,-0.000297020000000002,0.0003411358305719315,0.004033546972843044,0.001530063617758044,-0.0076366912409092085,0.008770954849131167
25,uncapped,25,sapphire,sapphire,O,-0.8839175072,6.941675706,15.21271835,-0.00762115,0.00231377,-0.00406838,-0.00757096,0.00228958,-0.00398852,-5.0190000000000304e-05,2.4190000000000322e-05,-7.986000000000017e-05,9.737459524948011e-05,-0.0012904367833184059,0.0006219499061261699,-0.002053283154329697,0.0025036015036993442
26,uncapped,26,sapphire,sapphire,O,-3.1902104272,8.127909246,15.21271835,-0.00389899,-0.00264263,0.00131748,-0.00389114,-0.0026517,0.00142618,-7.850000000000218e-06,9.069999999999911e-06,-0.00010869999999999999,0.0001093598527797107,-0.0002018316148445847,0.0002331990760051356,-0.0027947893673383115,0.0028117548644196744
27,uncapped,27,sapphire,sapphire,O,-3.0643723372,5.537484216,15.21271835,0.00100486,-0.00266825,-0.00111012,0.00104679,-0.00262624,-0.00095494,-4.192999999999992e-05,-4.200999999999988e-05,-0.00015518,0.00016614390569623665,-0.00107806364464117,-0.001080120527340222,-0.0039898382154881255,0.004271731564746103
28,uncapped,28,sapphire,sapphire,O,0.8951178528,4.131805446,13.04244775,-0.00078976,-0.00136635,0.00228778,-0.00082193,-0.00141278,0.00304051,3.2169999999999985e-05,4.643000000000008e-05,-0.0007527300000000001,0.0007548464126562437,0.0008271239553567014,0.0011937632964629076,-0.019353466425727394,0.019407881582935948
29,uncapped,29,sapphire,sapphire,O,10.251191456,6.952119286,13.04244775,0.0002442,-0.00058553,0.00299467,0.00030191,-0.00057391,0.00368302,-5.770999999999999e-05,-1.1620000000000055e-05,-0.0006883499999999999,0.0006908626426432391,-0.0014837837570293832,-0.0002987622120374548,-0.01769819007366446,0.01776279271343673
30,uncapped,30,sapphire,sapphire,O,-1.6283090472,5.401729536,13.04244775,-0.00107546,-0.00042917,0.00242691,-0.00107758,-0.00038115,0.00317271,2.1199999999999865e-06,-4.8019999999999964e-05,-0.0007458,0.0007473473454826745,5.450739152490509e-05,-0.0012346438401065836,-0.019175288961921923,0.01921507281383156
31,uncapped,31,sapphire,sapphire,Al,-2.3795001744,9.6166312221,12.15514923,0.0013657,1.446e-05,-0.07597576,0.00133866,8.76e-06,-0.07740693,2.7040000000000093e-05,5.7e-06,0.0014311699999999955,0.0014314367679013932,0.0006952263522799284,0.00014655289230752877,0.036796860155046546,0.03680371903355964
32,uncapped,32,sapphire,sapphire,Al,-4.7590001744,10.9904361821,14.05133502,0.00084776,6.787e-05,-0.00521989,0.00097803,8.053e-05,-0.00584465,-0.00013026999999999993,-1.2660000000000004e-05,0.0006247600000000002,0.00063832249380701,-0.003349376365070485,-0.000325501687125143,0.016063225438254686,0.01641193117410034
33,uncapped,33,sapphire,sapphire,Al,-4.7590001744,8.2428262521,11.67497293,-0.00014591,0.0002658,-0.01204446,-0.00012327,0.00024442,-0.01336955,-2.2639999999999987e-05,2.137999999999999e-05,0.0013250899999999993,0.001325455839362443,-0.0005820978038320087,0.0005497019013219234,0.03406943369610232,0.034078839804292854
34,uncapped,34,sapphire,sapphire,Al,-4.7590001744,8.2428262521,14.31494475,0.00064681,0.00076878,-0.00625605,0.00078067,0.00068163,-0.00678468,-0.00013385999999999997,8.715000000000003e-05,0.0005286300000000004,0.0005522348223355717,-0.0034416789761904905,0.002240716590280901,0.013591623765005088,0.014198528148458301
35,uncapped,35,sapphire,sapphire,Al,-2.3795001744,9.6166312221,15.33037709,0.00598566,0.00084596,0.01434489,0.0058926,0.00080887,0.01447648,9.306000000000071e-05,3.708999999999993e-05,-0.00013158999999999914,0.00016538367452684048,0.0023926687996734617,0.0009536222413484618,-0.0033833149296048394,0.004252185235500955
36,uncapped,36,sapphire,sapphire,Al,-4.7590001744,10.9904361821,10.0,-0.00010422,9.24e-06,0.25123288,-8.781e-05,3.265e-05,0.25183166,-1.641e-05,-2.341e-05,-0.000598780000000021,0.0005994620960494709,-0.0004219180636432539,-0.0006018952998103945,-0.015395252781737746,0.015412790176277821
37,uncapped,37,sapphire,sapphire,O,-0.9218184744,9.6166312221,10.83748647,0.07164564,0.02090608,-0.05494974,0.07178638,0.02080102,-0.05465515,-0.0001407400000000003,0.00010506000000000057,-0.00029458999999999735,0.0003429702892380018,-0.0036185708883090606,0.0027012012045314134,-0.007574213428925353,0.008818120677785767
38,uncapped,38,sapphire,sapphire,O,-3.1083410244,10.8790206021,10.83748647,-0.05394739,0.05193245,-0.05456112,-0.05394227,0.05208844,-0.05427602,-5.119999999997349e-06,-0.00015599000000000168,-0.00028509999999999647,0.0003250247752095192,-0.0001316404927393261,-0.004010664152816081,-0.007330215718750165,0.008356722961150774
39,uncapped,39,sapphire,sapphire,O,-3.1083410244,8.3542418321,10.83748647,-0.01811574,-0.07274154,-0.05444537,-0.01828399,-0.07279134,-0.05415551,0.00016824999999999826,4.980000000000262e-05,-0.0002898600000000029,0.0003388317017340635,0.00432588142644587,0.001280409480160582,-0.007452600239343985,0.00871171331484367
40,uncapped,40,sapphire,sapphire,O,-3.2634175944,11.0630888321,15.21271835,-0.00324844,0.00219062,0.00057099,-0.0032767,0.00224106,0.00066526,2.8260000000000004e-05,-5.044000000000012e-05,-9.427000000000003e-05,0.00011058776650244827,0.0007265938134404849,-0.001296864541752942,-0.0024237791504966213,0.002843325795572533
41,uncapped,41,sapphire,sapphire,O,-5.5697105144,12.2493223721,15.21271835,0.00160133,-0.00237493,-0.00038386,0.00154975,-0.00239104,-0.00020463,5.158000000000007e-05,1.611000000000017e-05,-0.00017922999999999998,0.00018719888194110564,0.0013261751202144464,0.00041420475352180934,-0.004608188576890944,0.004813076769334149
42,uncapped,42,sapphire,sapphire,O,-5.4438724244,9.6588973421,15.21271835,0.00157056,-0.00041458,-0.00286439,0.00161131,-0.0003809,-0.00260482,-4.074999999999999e-05,-3.3680000000000016e-05,-0.0002595700000000002,0.00026489901811822575,-0.0010477246248301395,-0.0008659476163013284,-0.00667381302741496,0.006810827592043939
43,uncapped,43,sapphire,sapphire,O,-1.4843822344,8.2532185721,13.04244775,-0.00200114,-0.00045422,0.0009374,-0.00199148,-0.00049393,0.00165794,-9.66000000000031e-06,3.970999999999993e-05,-0.0007205400000000001,0.0007216980610338372,-0.000248368585910662,0.0010209851497424486,-0.018525828249695928,0.018555603196007766
44,uncapped,44,sapphire,sapphire,O,7.8716913688,11.0735324121,13.04244775,0.00158403,-5.72e-06,0.00227859,0.00164035,-1.026e-05,0.0030326,-5.632000000000011e-05,4.54e-06,-0.0007540099999999998,0.0007561240864434883,-0.0014480454201333398,0.00011672809317125975,-0.019386376548912235,0.019440731896786162
45,uncapped,45,sapphire,sapphire,O,-4.0078091344,9.5231426621,13.04244775,-0.00049374,0.00015434,0.00253327,-0.00058128,0.00021704,0.00322333,8.753999999999999e-05,-6.27e-05,-0.0006900600000000002,0.0006984105849713335,0.002250743893438784,-0.0016120818153828166,-0.017742155941356724,0.017956858113288073
46,uncapped,46,sapphire,sapphire,Al,7.1385001744,1.37380497,12.15514923,0.00060553,-0.00150072,-0.07584597,0.00063403,-0.00148648,-0.07733636,-2.8500000000000096e-05,-1.424e-05,0.001490390000000008,0.0014907304852655372,-0.0007327644615376463,-0.0003661251204314403,0.03831946757302088,0.038328221801170244
47,uncapped,47,sapphire,sapphire,Al,4.7590001744,2.74760993,14.05133502,-0.00048007,0.00070062,-0.00522392,-0.00055559,0.00080685,-0.00584797,7.552000000000004e-05,-0.00010623000000000002,0.0006240500000000001,0.0006375158710181262,0.0019416972679060663,-0.00273128311400505,0.016044970604300587,0.016391192068361378
48,uncapped,48,sapphire,sapphire,Al,4.7590001744,0.0,11.67497293,0.00056785,-0.0003549,-0.01112454,0.00056495,-0.00037325,-0.01253058,2.899999999999908e-06,1.8349999999999985e-05,0.001406039999999999,0.0014061627267496451,7.456199784067016e-05,0.0004717974690952896,0.0361507418772066,0.036153897308807324
49,uncapped,49,sapphire,sapphire,Al,4.7590001744,0.0,14.31494475,0.00307345,-0.00205982,-0.0048259,0.00297257,-0.00214963,-0.00533902,0.00010088000000000024,8.981000000000006e-05,0.0005131199999999997,0.0005305984780415411,0.002593729083505884,0.0023091079400244154,0.013192845631726163,0.013642235370343973
50,uncapped,50,sapphire,sapphire,Al,7.1385001744,1.37380497,15.33037709,0.00477224,-0.0088892,0.01481943,0.0048617,-0.00889664,0.01489112,-8.946000000000041e-05,7.440000000000918e-06,-7.169000000000099e-05,0.00011488211914828273,-0.002300109078216067,0.0001912900910119559,-0.0018432240086889268,0.002953738041333152
51,uncapped,51,sapphire,sapphire,Al,4.7590001744,2.74760993,10.0,4.495e-05,-9.493e-05,0.25123181,1.647e-05,-9.239e-05,0.25183065,2.8480000000000002e-05,-2.5399999999999994e-06,-0.0005988399999999894,0.0005995222327820606,0.0007322502408628807,-6.530602569493385e-05,-0.015396795443761224,0.015414336353838336
52,uncapped,52,sapphire,sapphire,O,8.5961818744,1.37380497,10.83748647,0.07182496,0.02103511,-0.05487231,0.07196446,0.02095682,-0.05459265,-0.00013950000000000073,7.828999999999822e-05,-0.000279660000000001,0.000322178971536009,-0.0035866892064737492,0.002012916831360731,-0.007190347695214675,0.008283554406888965
53,uncapped,53,sapphire,sapphire,O,6.4096593244,2.63619435,10.83748647,-0.05391862,0.05193423,-0.05440955,-0.05389174,0.05209964,-0.05411248,-2.687999999999996e-05,-0.00016541000000000472,-0.00029707000000000344,0.0003410770989087418,-0.0006911125868818189,-0.004252862090629654,-0.007637976792596154,0.008769444797357398
54,uncapped,54,sapphire,sapphire,O,6.4096593244,0.11141558,10.83748647,-0.01810564,-0.07250021,-0.054689,-0.01827702,-0.07254783,-0.05437973,0.00017138000000000223,4.761999999999822e-05,-0.0003092700000000004,0.00035677261904468063,0.004406356962046423,0.0012243594266112736,-0.007951651404201662,0.009172992845110538
55,uncapped,55,sapphire,sapphire,O,6.2545827544,2.82026258,15.21271835,-0.00044225,0.00156631,-0.00286808,-0.00049084,0.00158507,-0.00260869,4.8589999999999994e-05,-1.8760000000000044e-05,-0.00025938999999999997,0.0002645677565388496,0.0012492991293373372,-0.0004823389929279379,-0.0066691850413420845,0.006802310514400441
56,uncapped,56,sapphire,sapphire,O,3.9482898344,4.00649612,15.21271835,-0.00028632,-0.003917,0.00056128,-0.00031587,-0.00396641,0.00065529,2.9549999999999986e-05,4.940999999999973e-05,-9.400999999999995e-05,0.00011023806375295224,0.0007597610469627146,0.0012703821770026242,-0.002417094281724697,0.0028343345763819127
57,uncapped,57,sapphire,sapphire,O,4.0741279244,1.41607109,15.21271835,0.00125028,0.00257399,-0.00037612,0.00128996,0.00253716,-0.00019735,-3.967999999999984e-05,3.682999999999985e-05,-0.00017877000000000002,0.00018678775173977544,-0.0010202138187303013,0.0009469373725765373,-0.00459636150137139,0.00480250618685697
58,uncapped,58,sapphire,sapphire,O,8.0336181144,0.01039232,13.04244775,-0.00118117,0.00185351,-0.00067541,-0.00121513,0.0017589,4.789e-05,3.395999999999998e-05,9.460999999999996e-05,-0.0007233,0.0007302514797657036,0.000873146705748013,0.002432520901967595,-0.018596790702813254,0.01877552043359942
59,uncapped,59,sapphire,sapphire,O,3.1126911944,2.83070616,13.04244775,0.00031283,-0.00068623,0.00251629,0.00037302,-0.00068661,0.00322707,-6.0190000000000005e-05,3.800000000000201e-07,-0.0007107799999999998,0.000713324042003352,-0.0015475471207000277,9.770192820502435e-06,-0.018274888560411453,0.018340298510190943
60,uncapped,60,sapphire,sapphire,O,5.5101912144,1.28031641,13.04244775,-0.00079062,0.00137369,0.00228013,-0.00081478,0.00142428,0.00303346,2.415999999999996e-05,-5.05900000000001e-05,-0.00075333,0.0007554132263867241,0.0006211785751140157,-0.0013007211968136658,-0.019368893045970288,0.019422454949883584
61,uncapped,61,sapphire,sapphire,Al,4.7590000872,5.495218096,12.15514923,-0.0006906,0.00117536,-0.07597622,-0.00067223,0.00115459,-0.07740719,-1.8369999999999975e-05,2.0770000000000033e-05,0.0014309700000000036,0.0014312386211600115,-0.0004723116897700526,0.0005340181707416451,0.03679171794829912,0.03679862447600687
62,uncapped,62,sapphire,sapphire,Al,2.3795000872,6.869023056,14.05133502,-0.00099979,0.00385409,-0.00047445,-0.00100578,0.00384639,-0.00108388,5.989999999999988e-06,7.700000000000241e-06,0.00060943,0.0006095080762385352,0.00015400909209159572,0.00019797495978386085,0.01566907529104864,0.015671082711851768
63,uncapped,63,sapphire,sapphire,Al,2.3795000872,4.121413126,11.67497293,2.6e-05,0.0006682,-0.01113015,4.365e-05,0.0006749,-0.01253568,-1.765e-05,-6.7e-06,0.0014055300000000003,0.0014056567836424369,-0.0004537997454785759,-0.00017226392604569174,0.03613762925000017,0.036140888988508306
64,uncapped,64,sapphire,sapphire,Al,2.3795000872,4.121413126,14.31494475,0.00026241,0.00368649,-0.00484935,0.00039022,0.00364403,-0.00536137,-0.00012781,4.246000000000024e-05,0.0005120200000000002,0.0005294362361040281,-0.003286127222074606,0.0010916904925224048,0.013164563494614194,0.01361235292867667
65,uncapped,65,sapphire,sapphire,Al,4.7590000872,5.495218096,15.33037709,-0.00370262,0.00476345,0.01437636,-0.00362527,0.00470207,0.01450821,-7.735000000000034e-05,6.137999999999977e-05,-0.00013185000000000106,0.00016472689337203048,-0.0019887484596469124,0.0015781432508484355,-0.003389999798376811,0.004235298713071045
66,uncapped,66,sapphire,sapphire,Al,2.3795000872,6.869023056,10.0,3.56e-05,0.00025633,0.2504845,4.623e-05,0.0002446,0.25111484,-1.0630000000000005e-05,1.1729999999999998e-05,-0.000630340000000007,0.0006305387421879871,-0.00027330828863667223,0.00030159042574865125,-0.016206693006513808,0.01621180287361416
67,uncapped,67,sapphire,sapphire,O,6.2166817872,5.495218096,10.83748647,0.07205379,0.02068298,-0.05444657,0.07218115,0.02056229,-0.05415691,-0.00012735999999999303,0.00012068999999999969,-0.00028965999999999714,0.00033865847294877545,-0.003274557256892253,0.0031030646618588776,-0.007447458032596205,0.008707259423700708
68,uncapped,68,sapphire,sapphire,O,4.0301592372,6.757607476,10.83748647,-0.05392951,0.05159233,-0.05495043,-0.05390884,0.05176682,-0.05465582,-2.067000000000041e-05,-0.00017448999999999937,-0.0002946100000000007,0.00034302924233948367,-0.0005314470673678386,-0.004486318276972036,-0.0075747276496002025,0.008819636422966936
69,uncapped,69,sapphire,sapphire,O,4.0301592372,4.232828706,10.83748647,-0.0180029,-0.07268508,-0.05455991,-0.01814058,-0.07275863,-0.0542748,0.00013768000000000113,7.355000000000556e-05,-0.0002851100000000051,0.00032504322327961866,0.003539895125070303,0.0018910465314420273,-0.007330472829087767,0.008357197280103505
70,uncapped,70,sapphire,sapphire,O,3.8750826672,6.941675706,15.21271835,-0.0031768,0.00520429,-0.01205515,-0.0032346,0.00523929,-0.0119881,5.779999999999978e-05,-3.499999999999944e-05,-6.705000000000079e-05,9.51921346540776e-05,0.0014860977500658124,-0.0008998861808356887,-0.0017239248121438456,0.0024474881856987388
71,uncapped,71,sapphire,sapphire,O,1.5687897472,8.127909246,15.21271835,-0.00545957,-0.00857429,-0.00739132,-0.00547602,-0.00863615,-0.00744122,1.644999999999945e-05,6.186000000000039e-05,4.990000000000029e-05,8.116201143392184e-05,0.0004229465049927663,0.0015904845470427697,0.0012829805835343384,0.0020867592142347307
72,uncapped,72,sapphire,sapphire,O,1.6946278372,5.537484216,15.21271835,0.00631253,-0.00524751,-0.00377181,0.00628071,-0.00520979,-0.00367095,3.182000000000011e-05,-3.7720000000000635e-05,-0.00010085999999999993,0.00011228557520892895,0.0008181250935483477,-0.0009698201926035226,-0.0025932148628311125,0.0028869782125058047
73,uncapped,73,sapphire,sapphire,O,5.6541180272,4.131805446,13.04244775,0.00010774,-0.00050591,0.00253348,9.745e-05,-0.00061257,0.00322319,1.0289999999999998e-05,0.00010665999999999996,-0.0006897100000000001,0.0006979843291937148,0.0002645665371656966,0.0027423388585124586,-0.017733157079548364,0.017945898636608632
74,uncapped,74,sapphire,sapphire,O,0.7331911072,6.952119286,13.04244775,-0.00101544,-0.00194841,-0.00065817,-0.00091638,-0.00193031,6.42e-05,-9.90600000000001e-05,-1.810000000000006e-05,-0.0007223700000000001,0.0007293551333198389,-0.0025469350021024234,-0.0004653697106607508,-0.018572879441436766,0.01875247443988871
75,uncapped,75,sapphire,sapphire,O,3.1306911272,5.401729536,13.04244775,0.00054772,-0.00108994,0.00063345,0.00046721,-0.00100783,0.00135356,8.051e-05,-8.211000000000004e-05,-0.0007201099999999999,0.0007292340668811351,0.0020699953262594984,-0.00211113298024056,-0.018514772505188515,0.018749361696598636
76,uncapped,76,sapphire,sapphire,Al,2.3795,9.6166312221,12.15514923,3.41e-06,6.73e-06,-0.07269261,3.14e-06,6.56e-06,-0.07422361,2.6999999999999996e-07,1.7000000000000007e-07,0.0015309999999999907,0.0015310000332462346,6.9419791093039935e-06,4.370875735487702e-06,0.03936359265312723,0.039363593507922526
77,uncapped,77,sapphire,sapphire,Al,0.0,10.9904361821,14.05133502,0.00385077,-0.00103943,-0.00045059,0.0038472,-0.00103105,-0.00106143,3.570000000000049e-06,-8.380000000000106e-06,0.0006108399999999999,0.0006109079103269164,9.178839044524296e-05,-0.0002154584627258082,0.015705327848619447,0.01570707389332597
78,uncapped,78,sapphire,sapphire,Al,0.0,8.2428262521,11.67497293,0.00086126,0.00056598,-0.00898098,0.00081521,0.00055103,-0.01042215,4.6049999999999954e-05,1.4950000000000011e-05,0.0014411700000000003,0.0014419830352330782,0.0011839931036424023,0.00038437995438553627,0.0370539704924283,0.03707487446873627
79,uncapped,79,sapphire,sapphire,Al,0.0,8.2428262521,14.31494475,0.00414945,0.00095836,-0.00173694,0.00411146,0.00090396,-0.00220551,3.79899999999999e-05,5.440000000000002e-05,0.00046856999999999997,0.0004732445932073603,0.0009767621717128075,0.0013986802353560647,0.012047419078691009,0.012167607702357638
80,uncapped,80,sapphire,sapphire,Al,2.3795,9.6166312221,15.33037709,6.69e-06,3.673e-05,0.03115197,5.93e-06,3.541e-05,0.03146403,7.600000000000003e-07,1.320000000000001e-06,-0.00031205999999999595,0.0003120637172117218,1.9540385641003844e-05,3.393856453437511e-05,-0.008023385188331024,0.008023480761687119
81,uncapped,81,sapphire,sapphire,Al,0.0,10.9904361821,10.0,0.00020464,-0.00015784,0.25048255,0.00018949,-0.00016105,0.25111307,1.5149999999999989e-05,3.2100000000000184e-06,-0.0006305199999999678,0.0006307101529228456,0.0003895221611331683,8.253241829950352e-05,-0.01621132099258567,0.016216210020801192
82,uncapped,82,sapphire,sapphire,O,3.8371817,9.6166312221,10.83748647,0.07197754,0.0210289,-0.055472,0.072105,0.02091853,-0.05514241,-0.0001274599999999959,0.00011036999999999852,-0.00032958999999999766,0.0003702123128692468,-0.0032771283602661436,0.002837726793681006,-0.008474099609761063,0.00951854126646454
83,uncapped,83,sapphire,sapphire,O,1.65065915,10.8790206021,10.83748647,-0.05420146,0.05181742,-0.05547357,-0.05416984,0.05198302,-0.05514409,-3.1620000000003035e-05,-0.00016559999999999492,-0.00032948000000000005,0.0003701084365425875,-0.0008129828868007903,-0.004257747187039653,-0.008471271396049928,0.009515870498725206
84,uncapped,84,sapphire,sapphire,O,1.65065915,8.3542418321,10.83748647,-0.01777709,-0.07284896,-0.05547077,-0.01793628,-0.07290403,-0.05514124,0.00015919000000000003,5.5069999999990404e-05,-0.0003295300000000015,0.00037008672213415054,0.00409293946077816,0.0014159066279603866,-0.008472556947736872,0.00951531219883728
85,uncapped,85,sapphire,sapphire,O,1.49558258,11.0630888321,15.21271835,-0.00469515,0.00899374,-0.00739743,-0.00474089,0.0090399,-0.00744762,4.573999999999984e-05,-4.615999999999995e-05,5.0190000000000304e-05,8.210925221922322e-05,0.001176022683183569,-0.0011868213173536002,0.0012904367833184059,0.0021111137540237787
86,uncapped,86,sapphire,sapphire,O,-0.81071034,12.2493223721,15.21271835,-0.0076912,-0.0028327,-0.00375201,-0.00764186,-0.00282394,-0.00365011,-4.933999999999928e-05,-8.760000000000018e-06,-0.00010190000000000025,0.00011355519891224699,-0.001268582404640941,-0.00022522865554630784,-0.0026199543379188104,0.002919621550376586
87,uncapped,87,sapphire,sapphire,O,-0.68487225,9.6588973421,15.21271835,0.00606786,0.00013147,-0.01201617,0.00612692,0.00016466,-0.01194811,-5.9060000000000536e-05,-3.319e-05,-6.806e-05,9.603032489791994e-05,-0.0015184936525759172,-0.0008533492097696281,-0.0017498929562193698,0.0024690389233371687
88,uncapped,88,sapphire,sapphire,O,3.27461794,8.2532185721,13.04244775,0.00026546,-0.00030361,-0.00135852,0.0002171,-0.00035093,-0.0006189,4.836000000000003e-05,4.732e-05,-0.00073962,0.0007427082983244498,0.0012433855915775607,0.0012166461164898705,-0.019016394773420073,0.019095798115833517
89,uncapped,89,sapphire,sapphire,O,-1.64630898,11.0735324121,13.04244775,-0.00122156,6.557e-05,0.00062688,-0.00111011,9.432e-05,0.00134756,-0.00011144999999999992,-2.8750000000000008e-05,-0.00072068,0.0007298132140486359,-0.0028654947101182577,-0.0007391922199721848,-0.01852942779441927,0.01876425216896161
90,uncapped,90,sapphire,sapphire,O,0.75119104,9.5231426621,13.04244775,-0.00039665,-9.073e-05,-0.00135911,-0.000414,-2.446e-05,-0.00061936,1.734999999999996e-05,-6.627e-05,-0.00073975,0.0007429150677567389,0.00044608643535712605,-0.0017038702058280583,-0.019019737207806035,0.019101114371683124
91,uncapped,91,sapphire,sapphire,Al,11.8975003488,1.37380497,12.15514923,-0.00067641,-0.00118961,-0.07596091,-0.00066759,-0.00116298,-0.07739269,-8.819999999999987e-06,-2.6629999999999926e-05,0.0014317799999999936,0.001432054788651601,-0.00022677131757059681,-0.0006846848284472773,0.036812543885626776,0.036819608985919114
92,uncapped,92,sapphire,sapphire,Al,9.5180003488,2.74760993,14.05133502,-0.00014986,-0.00425797,-0.00468275,-7.372e-05,-0.00421398,-0.00524776,-7.614e-05,-4.398999999999983e-05,0.0005650099999999995,0.0005718117870418547,-0.0019576381088237263,-0.0011310283741417834,0.014526991172399431,0.01470187214851237
93,uncapped,93,sapphire,sapphire,Al,9.5180003488,0.0,11.67497293,5.801e-05,-0.0010247,-0.00896493,6.817e-05,-0.00097713,-0.01040717,-1.0160000000000004e-05,-4.756999999999982e-05,0.0014422400000000009,0.0014430600639266553,-0.00026122410277973563,-0.0012230738749244064,0.037081481298528146,0.03710256598981381
94,uncapped,94,sapphire,sapphire,Al,9.5180003488,0.0,14.31494475,-0.00124671,-0.00406715,-0.00170172,-0.00127342,-0.00400762,-0.00217136,2.6709999999999885e-05,-5.9530000000000347e-05,0.0004696399999999997,0.0004741507931027847,0.0006867417111463293,-0.001530577838432849,0.012074929884790836,0.012190907038442413
95,uncapped,95,sapphire,sapphire,Al,11.8975003488,1.37380497,15.33037709,-0.00229469,-0.00561193,0.01440318,-0.0022799,-0.0055126,0.01453328,-1.4789999999999769e-05,-9.93299999999999e-05,-0.00013010000000000105,0.00016435085335951333,-0.000380266188987424,-0.0025538769812117226,-0.003345005489335026,0.0042256303356223174
96,uncapped,96,sapphire,sapphire,Al,9.5180003488,2.74760993,10.0,7.308e-05,-0.00017809,0.25106942,5.262e-05,-0.00020315,0.25167511,2.0459999999999997e-05,2.5060000000000007e-05,-0.0006056899999999921,0.0006065533705289177,0.0005260477502828137,0.0006443185054783635,-0.01557291602486771,0.01559511417366545
97,uncapped,97,sapphire,sapphire,O,13.3551820488,1.37380497,10.83748647,0.07194954,0.02075384,-0.05456297,0.07208214,0.02067124,-0.05427786,-0.0001325999999999966,8.259999999999865e-05,-0.0002851100000000051,0.000325104955514372,-0.003409283073680319,0.0021237313867722243,-0.007330472829087767,0.00835878447967398
98,uncapped,98,sapphire,sapphire,O,11.1686594988,2.63619435,10.83748647,-0.05393957,0.05205911,-0.05444888,-0.05389849,0.05222968,-0.05415904,-4.1079999999998895e-05,-0.00017057000000000183,-0.00028983999999999954,0.00033880513115949154,-0.0010562092659637053,-0.0043855310247185005,-0.007452086018669136,0.008711030157904408
99,uncapped,99,sapphire,sapphire,O,11.1686594988,0.11141558,10.83748647,-0.01771547,-0.07250069,-0.05495448,-0.01787677,-0.07257011,-0.05465975,0.00016129999999999964,6.941999999998671e-05,-0.00029473,0.00034307812419330676,0.004147189741965674,0.0017848599621029298,-0.007577812973648764,0.008820893225959766
100,uncapped,100,sapphire,sapphire,O,11.0135829288,2.82026258,15.21271835,-0.00033596,0.00471739,0.00129561,-0.0003484,0.00471435,0.00140513,1.244000000000001e-05,3.0400000000001606e-06,-0.0001095200000000001,0.00011026615799963297,0.00031984525970274723,7.816154256401948e-05,-0.002815872415003608,0.002835056908506169
101,uncapped,101,sapphire,sapphire,O,8.7072900088,4.00649612,15.21271835,-0.00282748,0.00047988,-0.0011185,-0.00281151,0.00042192,-0.00096274,-1.59699999999997e-05,5.796000000000002e-05,-0.0001557599999999999,0.0001669598158240478,-0.00041060520879845447,0.0014902115154639248,-0.004004750615056257,0.004292709457569564
102,uncapped,102,sapphire,sapphire,O,8.8331280988,1.41607109,15.21271835,0.0057942,0.00543879,-0.00405842,0.00574782,0.00540686,-0.00397725,4.638000000000038e-05,3.192999999999946e-05,-8.11700000000002e-05,9.878865420684723e-05,0.001192477744776007,0.0008209533072595288,-0.002086964608526691,0.0025399584212599615
103,uncapped,103,sapphire,sapphire,O,12.7926182888,0.01039232,13.04244775,0.00067597,0.00102146,0.00061951,0.0006453,0.0009105,0.00134047,3.067e-05,0.00011096000000000012,-0.0007209600000000001,0.000730093207816646,0.0007885574047494575,0.002852896303586563,-0.018536626883865957,0.018771451098177395
104,uncapped,104,sapphire,sapphire,O,7.8716913688,2.83070616,13.04244775,0.00015421,0.00115129,0.00241843,0.00019734,0.00112883,0.0031645,-4.313e-05,2.245999999999997e-05,-0.0007460700000000002,0.0007476530568385313,-0.0011089168851269678,0.000577469817759139,-0.01918223094103123,0.019222932968816133
105,uncapped,105,sapphire,sapphire,O,10.2691913888,1.28031641,13.04244775,0.00060901,0.00195885,0.00091918,0.00056944,0.00197027,0.00164058,3.956999999999995e-05,-1.1420000000000267e-05,-0.0007214,0.0007225746752412514,0.0010173856050191064,-0.0002936200052898277,-0.018547939738710745,0.018578141853469947
106,uncapped,106,sapphire,sapphire,Al,9.5180002616,5.495218096,12.15514923,-2.16e-06,-5.17e-06,-0.0779643,-2.17e-06,-5.29e-06,-0.07935267,9.999999999999904e-09,1.2000000000000055e-07,0.0013883699999999999,0.0013883700052219508,2.5711033738162694e-07,3.085324048579567e-06,0.035696427911053284,0.03569642804531504
107,uncapped,107,sapphire,sapphire,Al,7.1385002616,6.869023056,14.05133502,-0.00360087,0.00224747,-0.00471373,-0.00360163,0.00215991,-0.00527708,7.60000000000257e-07,8.755999999999998e-05,0.0005633499999999998,0.0005701145092873884,1.9540385641010444e-05,0.0022512581141135466,0.014484310856394088,0.014658233382904255
108,uncapped,108,sapphire,sapphire,Al,7.1385002616,4.121413126,11.67497293,-0.0001535,-0.00025791,-0.01203927,-0.00014635,-0.00022792,-0.01336425,-7.149999999999984e-06,-2.9989999999999975e-05,0.00132498,0.0013253386446489817,-0.00018383389122786462,-0.000771073901807506,0.034066605482391134,0.03407582660706111
109,uncapped,109,sapphire,sapphire,Al,7.1385002616,4.121413126,14.31494475,-0.00096865,0.00018607,-0.00624933,-0.00096177,0.00034388,-0.00677839,-6.8800000000000154e-06,-0.00015781,0.0005290599999999996,0.0005521374956475964,-0.00017689191211856144,-0.004057458234219494,0.013602679509512477,0.014196025778700145
110,uncapped,110,sapphire,sapphire,Al,9.5180002616,5.495218096,15.33037709,-9.71e-06,-2.909e-05,0.00161518,-9.19e-06,-2.784e-05,0.00168247,-5.200000000000001e-07,-1.2499999999999999e-06,-6.729000000000001e-05,6.730361803053386e-05,-1.3369737543844734e-05,-3.213879217270368e-05,-0.0017300954602409847,0.0017304455938834877
111,uncapped,111,sapphire,sapphire,Al,7.1385002616,6.869023056,10.0,-0.00018858,2.453e-05,0.2510729,-0.00020039,5.442e-05,0.25167841,1.181000000000001e-05,-2.9889999999999997e-05,-0.0006055100000000313,0.0006063623077830926,0.00030364730844770465,-0.0007685027984336903,-0.015568288038795848,0.015590201752961436
112,uncapped,112,sapphire,sapphire,O,10.9756819616,5.495218096,10.83748647,0.07182712,0.02057122,-0.05410667,0.07196033,0.02046897,-0.05383697,-0.0001332100000000086,0.00010225000000000165,-0.00026970000000000466,0.00031770750164263533,-0.0034249668042609068,0.0026289531997272034,-0.006934265799182666,0.008168588293601255
113,uncapped,113,sapphire,sapphire,O,8.7891594116,6.757607476,10.83748647,-0.05372849,0.05191866,-0.05410647,-0.05370623,0.05208533,-0.0538366,-2.2259999999996172e-05,-0.0001666700000000007,-0.00026986999999999844,0.00031796888747171354,-0.0005723276110114086,-0.004285257993139635,-0.006938636674917994,0.008175308793471362
114,uncapped,114,sapphire,sapphire,O,8.7891594116,4.232828706,10.83748647,-0.0180993,-0.07248777,-0.05410603,-0.01825454,-0.07255183,-0.0538364,0.00015524000000000093,6.405999999999079e-05,-0.00026962999999999987,0.00031765307821584075,0.0039913808775124395,0.0016470488212664814,-0.006932466026820871,0.008167189011038793
115,uncapped,115,sapphire,sapphire,O,8.6340828416,6.941675706,15.21271835,0.00182394,0.00220969,-0.00111583,0.00176624,0.00222514,-0.00096107,5.769999999999994e-05,-1.5450000000000186e-05,-0.00015476,0.00016588746215431713,0.0014835266466920003,-0.00039723547125462225,-0.003979039581318097,0.004265138136187876
116,uncapped,116,sapphire,sapphire,O,6.3277899216,8.127909246,15.21271835,0.0018088,-0.00774526,-0.00404292,0.0018049,-0.00768866,-0.00396261,3.900000000000041e-06,-5.66000000000004e-05,-8.03100000000001e-05,9.832835857472686e-05,0.00010027303157883652,-0.0014552445095800328,-0.0020648531195118685,0.002528123744732986
117,uncapped,117,sapphire,sapphire,O,6.4536280116,5.537484216,15.21271835,0.00424069,-0.00205198,0.00130744,0.00424501,-0.00204054,0.00141634,-4.319999999999498e-06,-1.1440000000000148e-05,-0.0001089000000000001,0.00010958442407568706,-0.00011107166574885101,-0.00029413422596458785,-0.002799931574085947,0.0028175288245871452
118,uncapped,118,sapphire,sapphire,O,10.4131182016,4.131805446,13.04244775,-0.00062817,9.247e-05,0.00298371,-0.00064711,3.656e-05,0.00367233,1.893999999999995e-05,5.591e-05,-0.00068862,0.0006911455390147577,0.0004869669790008049,0.00143750389630069,-0.017705132052773766,0.01777006627158925
119,uncapped,119,sapphire,sapphire,O,5.4921912816,6.952119286,13.04244775,0.00139193,-0.00150563,0.00093768,0.00142188,-0.00147698,0.00165838,-2.9949999999999942e-05,-2.8650000000000073e-05,-0.0007207000000000001,0.0007218907916021648,-0.0007700454604579786,-0.0007366211165983702,-0.018529942015094034,0.018560558498152413
120,uncapped,120,sapphire,sapphire,O,7.8896913016,5.401729536,13.04244775,0.00038505,0.00050864,0.00298698,0.00034655,0.00055277,0.00367576,3.8500000000000014e-05,-4.412999999999997e-05,-0.00068878,0.0006912652134311402,0.0009898747989192736,-0.0011346279188651298,-0.01770924581817187,0.017773143224546453
121,uncapped,121,sapphire,sapphire,Al,7.1385001744,9.6166312221,12.15514923,-0.00159771,0.0002316,-0.07585166,-0.00160051,0.00019967,-0.07734226,2.800000000000068e-06,3.193e-05,0.0014905999999999947,0.0014909445747243537,7.199089446685798e-05,0.0008209533072595428,0.038324866890105544,0.03833372626246886
122,uncapped,122,sapphire,sapphire,Al,4.7590001744,10.9904361821,14.05133502,-0.00283993,-0.00278096,-0.00044326,-0.00283073,-0.00278262,-0.00105438,-9.200000000000007e-06,1.6600000000001162e-06,0.0006111199999999999,0.0006111915002681238,-0.00023654151039109925,4.2680316005353474e-05,0.015712526938066136,0.015714365283872156
123,uncapped,123,sapphire,sapphire,Al,4.7590001744,8.2428262521,11.67497293,-0.00091874,0.00046717,-0.00897779,-0.00088264,0.00043429,-0.01041925,-3.6100000000000064e-05,3.288e-05,0.0014414600000000003,0.001442286807815977,-0.0009281683179476839,0.0008453787893107975,0.037061426692212365,0.03708268477586392
124,uncapped,124,sapphire,sapphire,Al,4.7590001744,8.2428262521,14.31494475,-0.00290784,0.00313463,-0.0017335,-0.00284198,0.00312665,-0.00220214,-6.586000000000005e-05,7.97999999999988e-06,0.00046864,0.0004733124439521953,-0.0016933286819954126,0.00020517404923053718,0.012049218851052682,0.01216935221514725
125,uncapped,125,sapphire,sapphire,Al,7.1385001744,9.6166312221,15.33037709,-0.01005367,0.00034978,0.01477765,-0.01010743,0.00027388,0.01485128,5.375999999999992e-05,7.59e-05,-7.362999999999988e-05,0.00011862682875302691,0.0013822251737636378,0.0019514674607265675,-0.0018931034141409344,0.0030500183963203527
126,uncapped,126,sapphire,sapphire,Al,4.7590001744,10.9904361821,10.0,-0.00023987,-9.783e-05,0.25048156,-0.00023506,-8.27e-05,0.25111211,-4.810000000000003e-06,-1.5129999999999999e-05,-0.0006305500000000075,0.0006307498359096176,-0.00012367007228056384,-0.0003890079404584053,-0.016212092323598836,0.01621723031141292
127,uncapped,127,sapphire,sapphire,O,8.5961818744,9.6166312221,10.83748647,0.07193579,0.02072636,-0.05440861,0.07206577,0.02062019,-0.05411127,-0.00012998000000000176,0.00010616999999999918,-0.0002973400000000001,0.00034143512546309636,-0.0033419201652864646,0.0027297404519807385,-0.007644918771705372,0.008778650030175568
128,uncapped,128,sapphire,sapphire,O,6.4096593244,10.8790206021,10.83748647,-0.05373401,0.05192795,-0.0546887,-0.05368972,0.05210029,-0.05437934,-4.4289999999995444e-05,-0.00017234,-0.0003093600000000016,0.0003568841398829606,-0.0011387416842631197,-0.004431039554435002,-0.007953965397238128,0.009175860161146063
129,uncapped,129,sapphire,sapphire,O,6.4096593244,8.3542418321,10.83748647,-0.01769723,-0.07271915,-0.05486915,-0.01783467,-0.07280076,-0.0545895,0.0001374399999999991,8.161000000000973e-05,-0.00027964999999999934,0.00032210878317736225,0.0035337244769730915,0.002098277463371728,-0.0071900905848772505,0.008281749791631774
130,uncapped,130,sapphire,sapphire,O,6.2545827544,11.0630888321,15.21271835,0.00140044,0.00805842,-0.00375557,0.00138354,0.00801212,-0.00365396,1.690000000000003e-05,4.6300000000000854e-05,-0.00010161000000000024,0.00011293313109978015,0.00043451647017495455,0.0011904208620769662,-0.002612498138134743,0.002903627543862826
131,uncapped,131,sapphire,sapphire,O,3.9482898344,12.2493223721,15.21271835,-0.00290284,-0.00533844,-0.01199696,-0.0029037,-0.00540535,-0.01192903,8.600000000000968e-07,6.690999999999989e-05,-6.792999999999903e-05,9.535288459191916e-05,2.211148901482262e-05,0.0017203252674204796,-0.001746550521833384,0.002451621232773991
132,uncapped,132,sapphire,sapphire,O,4.0741279244,9.6588973421,15.21271835,0.01014544,-0.00046133,-0.00739477,0.01020806,-0.0004437,-0.00744471,-6.261999999999934e-05,-1.762999999999998e-05,4.9940000000000054e-05,8.201271181957053e-05,-0.0016100249326837467,-0.0004532855248038121,0.0012840090248838587,0.0021086316005512126
133,uncapped,133,sapphire,sapphire,O,8.0336181144,8.2532185721,13.04244775,0.00091411,-0.00071626,0.00242772,0.0008734,-0.00074177,0.00317362,4.071000000000001e-05,2.5509999999999964e-05,-0.0007458999999999999,0.0007474455660447788,0.0010466961834806137,0.0006558884706605357,-0.019177860065295736,0.019217598166017605
134,uncapped,134,sapphire,sapphire,O,3.1126911944,11.0735324121,13.04244775,0.00012498,0.00037619,-0.00137001,0.00019063,0.00035818,-0.0006299,-6.565e-05,1.801e-05,-0.0007401100000000001,0.0007432342125467585,-0.0016879293649103972,0.00046305571762431455,-0.019028993179951777,0.019109319914146675
135,uncapped,135,sapphire,sapphire,O,5.5101912144,9.5231426621,13.04244775,0.002196,8.685e-05,-0.00066675,0.00213093,0.00016418,5.62e-05,6.506999999999997e-05,-7.732999999999999e-05,-0.00072295,0.0007299799560946861,0.001673016965342262,-0.00198823423897214,-0.0185877918410049,0.01876853927933318
136,uncapped,136,NbSe2,Nb,Nb,2.3797168226,1.3738218609,19.8864319316,-9e-06,2.001e-05,0.00068555,-2.6e-06,1.429e-05,-0.00255413,-6.4e-06,5.7199999999999994e-06,0.00323968,0.0032396913712265866,-0.00016455061592424283,0.00014706711298229203,0.08329552178085173,0.08329581414684213
137,uncapped,137,NbSe2,Se_top,Se,2.3729965204,3.4311059523,21.5397913306,0.00026353,0.00039944,-0.00104975,-0.00019084,0.00119956,0.0011982,0.00045437,-0.0008001199999999999,-0.00224795,0.0024289757746424724,0.011682322399609096,-0.02057191231457893,-0.057797118291703385,0.06245147809101308
138,uncapped,138,NbSe2,Se_bottom,Se,2.3861719574,3.4280303878,18.2387094984,6.16e-05,0.00111649,0.00058401,9.002e-05,0.00106701,0.00248566,-2.841999999999999e-05,4.947999999999997e-05,-0.0019016500000000002,0.0019025058973101768,-0.0007307075788385906,0.0012721819493643016,-0.04889338730817756,0.048915393312795916
139,uncapped,139,NbSe2,Nb,Nb,0.5943189248,4.4460371793,19.8657160016,0.00080463,-0.00264208,-0.00029598,0.00112597,-0.00280819,-0.00274602,-0.00032134000000000004,0.0001661099999999997,0.00245004,0.0024766000745578606,-0.008261983581421281,0.004270859814246238,0.06299306109984874,0.063675948072894
140,uncapped,140,NbSe2,Se_top,Se,0.6094725501,6.5366116973,21.4719521187,-6.25e-06,0.0007919,-0.00204774,-0.00069119,0.00023002,-0.00030443,0.00068494,0.0005618800000000001,-0.00174331,0.001955500369240569,0.017610515448617324,0.014446515636798996,-0.04482230222607684,0.05027793596853436
141,uncapped,141,NbSe2,Se_bottom,Se,0.570177656,6.4895004118,18.1897286302,-0.00052504,0.000432,-0.00012669,-0.00030558,0.00069828,0.00149655,-0.00021945999999999994,-0.00026628000000000003,-0.00162324,0.001659510719338685,-0.005642543464177238,-0.006846334063798029,-0.04173517840513562,0.042667736093759984
142,uncapped,142,NbSe2,Nb,Nb,-1.2043956087,7.546978038,19.8395264586,-0.00080478,-0.00103063,-0.00028408,-0.00084081,-0.00053382,-0.00279092,3.6030000000000046e-05,-0.0004968100000000001,0.00250684,0.002555849197937938,0.000926368545586012,-0.012773498671456733,0.0644534478161764,0.06571352495783903
143,uncapped,143,NbSe2,Se_top,Se,-1.1709875493,9.6162831449,21.4876797707,0.00019192,-0.00033681,-0.00215758,0.00034878,-0.00049806,-0.00084483,-0.00015685999999999999,0.00016125000000000004,-0.0013127500000000001,0.0013318855748899754,-0.004033032752168239,0.004145904190278776,-0.0337521595397734,0.034244154951368705
144,uncapped,144,NbSe2,Se_bottom,Se,-1.2491981637,9.612633353,18.2100740483,9.859e-05,-0.00061338,0.00025481,0.00034073,-0.00056632,0.00163471,-0.00024214,-4.705999999999992e-05,-0.0013798999999999999,0.0014017740307196449,-0.006225669709358775,-0.001209961247717946,-0.03547865545529104,0.03604105939711345
145,uncapped,145,NbSe2,Nb,Nb,-2.9918748466,10.6562590183,19.8889915975,-0.00178833,0.00240787,0.00139624,-0.00170072,0.00237145,-0.00201506,-8.761000000000012e-05,3.641999999999968e-05,0.0034113,0.003412619172790893,-0.0022525436658004582,0.0009363958487438862,0.08770804939099525,0.08774196668712837
146,uncapped,146,NbSe2,Se_top,Se,4.1651089778,0.3486782162,21.5403342009,4.787e-05,-0.00022022,-0.0010561,0.00095941,-0.00020687,0.00120119,-0.00091154,-1.335e-05,-0.00225729,0.002434428380174697,-0.023436635693685048,-0.0003432423004044753,-0.058037259346817825,0.062591670215813
147,uncapped,147,NbSe2,Se_bottom,Se,4.1545724132,0.3407687051,18.240017824,0.00114869,-0.00062716,0.00037614,0.00109778,-0.00063566,0.00228577,5.090999999999993e-05,8.500000000000044e-06,-0.0019096299999999998,0.0019103274104194808,0.0013089487276098737,0.00021854378677438614,-0.049098561357408095,0.04911649250023272
148,uncapped,148,NbSe2,Nb,Nb,5.9321746818,1.3842098126,19.8670045285,-0.00269244,0.00064717,-0.0002828,-0.00299117,0.00044298,-0.00275273,0.0002987300000000001,0.00020418999999999998,0.00246993,0.0024962947289733236,0.007680657108601418,0.00524993597899549,0.0635044535609008,0.06418231799703145
149,uncapped,149,NbSe2,Se_top,Se,5.9543362391,3.4319893028,21.5361012134,0.00047298,0.00120366,-0.00062055,0.00091013,0.0001503,0.00175659,-0.00043715,0.0010533600000000001,-0.00237714,0.0026365625332428586,-0.01123957839863793,0.02708297449843132,-0.06111872674033665,0.06778874824498349
150,uncapped,150,NbSe2,Se_bottom,Se,5.9437971532,3.4460908782,18.2379104792,0.00090115,0.0003886,0.00085748,0.00085244,0.00038987,0.00266512,4.8709999999999986e-05,-1.269999999999993e-06,-0.0018076400000000001,0.0018082966146625394,0.0012523844533859165,-3.265301284746676e-05,-0.04647629302645286,0.04649317526819439
151,uncapped,151,NbSe2,Nb,Nb,4.1635923765,4.4445230048,19.8881602997,-0.00113584,-0.00272702,0.0013798,-0.00115287,-0.00264099,-0.00200935,1.7030000000000127e-05,-8.602999999999996e-05,0.00338915,0.003390284487222274,0.00043785890456091815,-0.0022119202324941568,0.08713854999369494,0.08716771883294235
152,uncapped,152,NbSe2,Se_top,Se,4.1539668844,6.5415979129,21.4866727113,0.00021668,0.0001589,-0.00201493,0.00027761,0.00037684,-0.00071629,-6.093000000000003e-05,-0.00021793999999999996,-0.0012986399999999998,0.001318209451528853,-0.0015665732856662688,-0.005603462692895231,-0.03338937685372792,0.03389252768222361
153,uncapped,153,NbSe2,Se_bottom,Se,4.1975048863,6.4758776027,18.2090950878,0.00048646,0.00037299,0.00033079,0.00032262,0.00055924,0.00170529,0.00016383999999999995,-0.00018625,-0.0013744999999999999,0.0013967042844138483,0.004212495767660615,-0.004788680033732848,-0.03533981587310496,0.035910710978801184
154,uncapped,154,NbSe2,Nb,Nb,2.3822614844,7.5311066955,19.7957990786,-5.015e-05,-0.00232353,0.00014465,1.248e-05,-0.00221371,-0.00267145,-6.263e-05,-0.00010982000000000006,0.0028161,0.0028189363524741035,-0.0016102820430211452,-0.002823585725125056,0.07240484211004067,0.07247776766419566
155,uncapped,155,NbSe2,Se_top,Se,2.3793018137,9.6151631273,21.4132309782,5.885e-05,0.00016961,-0.00286647,5.816e-05,0.00016968,-0.00248722,6.900000000000019e-07,-6.999999999999086e-08,-0.0003792499999999998,0.0003792506341458111,1.774061327933248e-05,-1.799772361671171e-06,-0.009750909545198291,0.00975092584974264
156,uncapped,156,NbSe2,Se_bottom,Se,2.3794881681,9.6164043212,18.1663576414,4.504e-05,0.00017742,-0.00097137,4.4e-05,0.00017736,0.00026588,1.0400000000000036e-06,5.999999999999604e-08,-0.00123725,0.0012372504385531654,2.6739475087689552e-05,1.5426620242896746e-06,-0.0318109764925421,0.03181098776819733
157,uncapped,157,NbSe2,Nb,Nb,0.5724499916,10.6561099021,19.7970176894,-0.00196228,0.00119563,0.00013443,-0.00189927,0.00108829,-0.00269903,-6.300999999999985e-05,0.00010734000000000004,0.00283346,0.00283619246654736,-0.001620052235841643,0.0027598223614544114,0.07285118565573517,0.07292144019532275
158,uncapped,158,NbSe2,Se_top,Se,7.7362607941,0.3244519771,21.4729475053,0.00057369,-0.000342,-0.002105,0.00042293,0.0005485,-0.00034295,0.00015075999999999995,-0.0008905,-0.00176205,0.00198003510829985,0.003876195446365444,-0.0228956755438341,-0.045304126998330016,0.050908749472244566
159,uncapped,159,NbSe2,Se_bottom,Se,7.7139010885,0.3846572018,18.1921312773,0.00072801,-0.00010497,-0.00042794,0.00085258,-0.00043833,0.00120487,-0.00012457000000000006,0.00033336,-0.0016328100000000002,0.0016711418463433918,-0.0032028234727629595,0.008571030206953998,-0.04198123299800984,0.04296678439259086
160,uncapped,160,NbSe2,Nb,Nb,9.5179469516,1.3912582412,19.8408973565,-0.00047284,0.00123563,-0.00029177,-3.095e-05,0.00101244,-0.00282254,-0.00044188999999999996,0.00022318999999999985,0.00253077,0.00257873560899523,-0.011361448698556821,0.0057384456200205835,0.06506871285353062,0.06630195824467852
161,uncapped,161,NbSe2,Se_top,Se,9.5231417505,3.4270477611,21.5168277602,0.00025815,0.00028039,0.00024157,-0.00045789,0.00015092,0.00195633,0.00071604,0.00012947,-0.00171476,0.0018627607522438301,0.018410128597874196,0.003328807538079956,-0.04408825221285229,0.0478935045470669
162,uncapped,162,NbSe2,Se_bottom,Se,9.526341362,3.4491543585,18.2195384961,-3.23e-06,8.665e-05,0.00046906,-5.496e-05,7.164e-05,0.00213776,5.173e-05,1.5010000000000007e-05,-0.0016687,0.0016695691009958227,0.0013300317752751691,0.00038592261640982593,-0.0429040019988725,0.042926347483897974
163,uncapped,163,NbSe2,Nb,Nb,7.7336437297,4.4622504864,19.8652613217,-0.00051984,-0.00078929,-0.00172934,-0.00054584,-0.00051316,-0.0039307,2.599999999999998e-05,-0.00027613,0.0022013599999999994,0.002218763084806487,0.000668486877192236,-0.007099587746118932,0.05659924122984236,0.05704669253045007
164,uncapped,164,NbSe2,Se_top,Se,7.723245581,6.5245916719,21.517014079,0.0002495,-0.00032569,0.00013424,0.00048052,0.00037103,0.00185314,-0.00023102000000000002,-0.0006967200000000001,-0.0017189000000000002,0.0018690655977787406,-0.005939763014190404,-0.017913391426052888,-0.044194695892528287,0.04805560864332889
165,uncapped,165,NbSe2,Se_bottom,Se,7.7411309903,6.5126509033,18.2187757874,0.00022217,-0.00028084,0.00056775,0.00024213,-0.00023915,0.002236,-1.9959999999999992e-05,-4.168999999999996e-05,-0.00166825,0.0016688902061549765,-0.0005131922334137321,-0.001071892996544012,-0.04289243203369033,0.042908892395740306
166,uncapped,166,NbSe2,Nb,Nb,5.9632312698,7.5469245519,19.8393322893,0.0012765,-0.00022766,-0.00027138,0.00086486,-0.00050936,-0.00278079,0.0004116400000000001,0.00028170000000000007,0.00250941,0.002558503650124424,0.010583689927977397,0.007242798204040503,0.06451952517288348,0.0657817736675621
167,uncapped,167,NbSe2,Se_top,Se,5.9315075799,9.6213475822,21.4731507759,-0.00071924,-9.083e-05,-0.00223154,0.00011916,-0.00039497,-0.00047113,-0.0008384,0.00030414000000000005,-0.0017604100000000002,0.001973438387105106,-0.02155613068607581,0.007819753801124879,-0.04526196090299943,0.05073914095104524
168,uncapped,168,NbSe2,Se_bottom,Se,5.9929119326,9.6130703318,18.1913089662,-0.00028325,-0.00044188,-0.00035322,-0.00062738,-0.00038773,0.00127714,0.00034413,-5.415000000000004e-05,-0.00163036,0.0016671626822239035,0.008847938040314014,-0.0013922524769215245,-0.041918240965351336,0.04286447596966501
169,uncapped,169,NbSe2,Nb,Nb,4.1837377405,10.6611785051,19.7970788054,0.00201385,0.00110653,0.0001389,0.00188589,0.0011012,-0.00269854,0.0001279600000000001,5.330000000000005e-06,0.00283744,0.0028403288408386804,0.0032899838771353325,0.0001370398098244086,0.07295351557001306,0.07302779065428056
170,uncapped,170,NbSe2,Se_top,Se,11.293846177,0.3258967854,21.4879073532,-0.00037728,0.00012712,-0.00216757,-0.00059415,8.879e-05,-0.00084671,0.00021686999999999998,3.8329999999999994e-05,-0.00132086,0.0013390940689137565,0.005575951886795397,0.0009855039231837855,-0.03396067602338991,0.03442949278441549
171,uncapped,171,NbSe2,Se_bottom,Se,11.3286778715,0.3992898992,18.2109651228,-0.00056571,-0.00021098,0.00018304,-0.00064355,-0.00045708,0.00156603,7.784000000000003e-05,0.0002461,-0.00138299,0.0014068708596385099,0.0020013468661786043,0.006327485402961901,-0.03555810254954197,0.03617210413740403
172,uncapped,172,NbSe2,Nb,Nb,13.1051999772,1.3837855847,19.8892627753,0.00294197,0.00043729,0.00139839,0.00286585,0.00037076,-0.0020182,7.611999999999983e-05,6.653000000000003e-05,0.0034165899999999997,0.00341808538854722,0.0019571238881489587,0.0017105550745999812,0.08784406075947013,0.08788250874485937
173,uncapped,173,NbSe2,Se_top,Se,-1.1908238488,3.4405857458,21.5359481172,-0.00114129,-0.00015585,-0.00058043,-0.0004339,0.00076923,0.00180013,-0.0007073900000000001,-0.00092508,-0.0023805600000000003,0.00265013953068513,-0.018187728156039088,-0.023784763090499775,-0.06120665847572118,0.06813782688428469
174,uncapped,174,NbSe2,Se_bottom,Se,-1.1965476146,3.4250417254,18.2381699082,-0.00092129,0.00049598,0.00074912,-0.00090836,0.00044236,0.00255461,-1.2929999999999973e-05,5.3620000000000046e-05,-0.00180549,0.0018063323142212787,-0.00033244366623444617,0.0013786256290402982,-0.04642101430391581,0.04644267107327724
175,uncapped,175,NbSe2,Nb,Nb,11.305380372,4.4675623555,19.8652386526,0.00092001,-0.00012846,-0.00173174,0.00069341,-0.00029842,-0.00393546,0.00022659999999999998,0.00016995999999999998,0.00220372,0.002221849634876312,0.005826120245067722,0.0043698472941381735,0.05665991926946445,0.05712605092342987
176,uncapped,176,NbSe2,Se_top,Se,-2.9696988344,6.5326452058,21.5173457724,-0.00043623,0.00033816,5.385e-05,5.06e-05,-0.00020166,0.00177706,-0.00048683,0.00053982,-0.00172321,0.001870257144191675,-0.012516902554749866,0.01387933023253512,-0.04430551044793976,0.04808624453335243
177,uncapped,177,NbSe2,Se_bottom,Se,-2.9902710298,6.526378089,18.2186589111,-0.00023577,-5.271e-05,0.00060085,-0.00020791,-9.695e-05,0.00227009,-2.7859999999999994e-05,4.4239999999999997e-05,-0.0016692400000000002,0.0016700585423271846,-0.0007163093999452195,0.0011374561325763284,-0.04291788595709112,0.04293893152648147
178,uncapped,178,NbSe2,Nb,Nb,9.5151646684,7.5566562541,19.8660911181,-0.00040683,0.0008171,-0.00175188,-0.00014895,0.00069908,-0.00397827,-0.00025788000000000004,0.00011801999999999993,0.00222639,0.002244380370369515,-0.0066303613803974605,0.0030344162017779887,0.057242788404308596,0.057705339423841234
179,uncapped,179,NbSe2,Se_top,Se,-4.7633453966,9.6113375281,21.5369731051,0.00062545,-0.0008643,-0.00072939,-0.00052116,-0.00069293,0.00166649,0.0011466100000000002,-0.00017137,-0.00239588,0.0026616391835483635,0.029480528394515017,-0.004406099851708984,-0.06160055151258983,0.06843349484702844
180,uncapped,180,NbSe2,Se_bottom,Se,-4.7475329251,9.616098718,18.2384477767,3.317e-05,-0.00122055,0.00081513,6.987e-05,-0.00119355,0.00262582,-3.669999999999999e-05,-2.6999999999999897e-05,-0.0018106900000000002,0.0018112631410427368,-0.0009435949381905798,-0.0006941979109303968,-0.046554711679354266,0.04656944772804079
181,uncapped,181,NbSe2,Nb,Nb,7.7501486259,10.6551394306,19.8671979935,0.0018898,0.00204848,-0.0002883,0.00187282,0.0024037,-0.00275972,1.697999999999999e-05,-0.00035521999999999984,0.0024714199999999998,0.002496875324320379,0.0004365733528740065,-0.009133073404470237,0.06354276300117065,0.06419724570358781
182,uncapped,182,NbSe2,Se_top,Se,0.6000329888,0.3382161497,21.5402952011,-0.00024278,0.00016071,-0.00101885,-0.00069589,-0.00061453,0.00124145,0.00045311,0.00077524,-0.0022603,0.002432131127159882,0.011649926497099011,0.019932221795173437,-0.058114649558369695,0.062532605466044
183,uncapped,183,NbSe2,Se_bottom,Se,0.5979718485,0.3536183307,18.2400070269,-0.0012335,-0.00084991,0.00044107,-0.00121475,-0.0008163,0.00235319,-1.8750000000000103e-05,-3.361000000000011e-05,-0.0019121199999999998,0.0019125072781560858,-0.00048208188259055786,-0.0008641478439396593,-0.04916258183141612,0.049172539153153304
184,isolated_hBN,1,hBN,hBN_B,B,-0.3830988412,2.4384834073,24.8936659429,-0.00030119,6.967e-05,0.00166134,-0.00044049,-0.0005023,0.00189232,0.00013929999999999997,0.00057197,-0.00023098,0.0006323811598237253,0.003581546999726097,0.014705939967217058,-0.0059387345728408765,0.016259173335606412
185,isolated_hBN,2,hBN,hBN_B,B,12.9728001425,0.0440499571,24.8911942595,-0.00043452,-0.00011484,0.00145307,-0.00091961,0.00012548,0.00150793,0.00048509,-0.00024032,-5.485999999999989e-05,0.0005441283213544393,0.01247216535604546,-0.006178875627955318,-0.0014105073108756163,0.013990101628233957
186,isolated_hBN,3,hBN,hBN_B,B,4.9134887373,10.0153151534,24.8966604341,-0.00026896,-0.00013381,0.00132108,-0.00058494,-0.00036517,0.00131749,0.00031598000000000005,0.00023136,3.590000000000147e-06,0.0003916423088737988,0.008124172440584727,0.005948504765661378,9.230261112000874e-05,0.010069528616746273
187,isolated_hBN,4,hBN,hBN_B,B,3.9916474806,7.6224410053,24.8838048681,-0.00010544,9.212e-05,0.00132451,-0.0001124,0.00018293,0.00194654,6.960000000000001e-06,-9.081e-05,-0.00062203,0.000628662245247796,0.0001789487948176141,-0.002334818973762577,-0.015993034316149495,0.01616355619747535
188,isolated_hBN,5,hBN,hBN_B,B,3.0698562158,5.2297617135,24.8910039439,0.00011976,0.00044373,0.00144742,0.00055639,0.00074096,0.00150891,-0.00043663,-0.00029723000000000005,-6.148999999999998e-05,0.0005317635281777042,-0.011226208661094087,-0.007642090557994173,-0.0015809714645596388,0.013672190013701515
189,isolated_hBN,6,hBN,hBN_B,B,2.149524261,2.8372820808,24.8913760833,7.36e-06,0.00010374,0.00174347,0.00017242,3.889e-05,0.00274494,-0.00016506,6.485e-05,-0.00100147,0.00101705087729179,-0.004243863228821175,0.001667360537919867,-0.02574882895775804,0.026149429419477434
190,isolated_hBN,7,hBN,hBN_B,B,1.2278907747,0.4432493083,24.8914926648,-8.469e-05,-4.065e-05,0.00174846,-0.00010402,0.00014247,0.00274682,1.9329999999999993e-05,-0.00018312,-0.00099836,0.001015199129678508,0.0004969942821586895,-0.004708204498132398,-0.025668867642832355,0.026101819074117776
191,isolated_hBN,8,hBN,hBN_B,B,7.4456210605,10.4144716342,24.917722937,-0.00021234,-0.00033089,0.00144497,-0.00069549,-0.00038592,0.00027361,0.00048315,5.5029999999999966e-05,0.0011713600000000002,0.0012682848548334876,0.012422285950593427,0.001414878186611106,0.030116876479534548,0.03260891469222489
192,isolated_hBN,9,hBN,hBN_B,B,6.5250242368,8.0218301417,24.90523305,5.626e-05,-0.0002755,0.0013783,-0.00042221,-0.00030696,0.0007667,0.00047847,3.146000000000003e-05,0.0006116,0.0007771601073781387,0.012301958312698823,0.0008088691214026069,0.015724868234260458,0.019981589740753657
193,isolated_hBN,10,hBN,hBN_B,B,5.6034963169,5.6282991877,24.8817800311,0.0002345,0.00013172,0.00160041,-0.00013857,0.00025125,0.00216612,0.00037307,-0.00011953000000000002,-0.0005657100000000001,0.0006881107831592236,0.009592015356696449,-0.003073239862722617,-0.01454498889601616,0.017692039561400523
194,isolated_hBN,11,hBN,hBN_B,B,4.6829411268,3.2348363636,24.8937431795,0.0002005,0.00024202,0.00165697,-0.00023391,0.00065098,0.00188413,0.00043441,-0.00040896,-0.0002271599999999999,0.0006384058233600316,0.011169130166195364,-0.010514784357559117,-0.005840518423961091,0.016414073663049464
195,isolated_hBN,12,hBN,hBN_B,B,3.7619972005,0.842115677,24.8914800016,7.06e-05,-5.329e-05,0.00174699,-7.44e-05,-0.00016083,0.00274685,0.000145,0.00010753999999999999,-0.00099986,0.0010160265110714386,0.0037280998920336266,0.0027649645682020427,-0.0257074341934396,0.026123091905025743
196,isolated_hBN,13,hBN,hBN_B,B,-4.2989304232,10.8135800701,24.8937822643,9.913e-05,-0.0003122,0.00166162,0.00066822,-0.00014856,0.00188499,-0.00056909,-0.00016364,-0.00022337000000000008,0.0006328788466997455,-0.014631892190051149,-0.004207353560912984,-0.005743073606093459,0.01627196937966681
197,isolated_hBN,14,hBN,hBN_B,B,9.0572323816,8.4213935815,24.9039346075,6.449e-05,-0.00044747,0.00141846,0.00049669,-0.00052398,0.0010555,-0.00043220000000000004,7.650999999999996e-05,0.00036296000000000006,0.0005695529665448158,-0.011112308781634024,0.0019671511913068457,0.009332076805603624,0.01464379553850455
198,isolated_hBN,15,hBN,hBN_B,B,8.1363110047,6.0278359679,24.8880738839,4.686e-05,-2.961e-05,0.00157088,0.0002792,-0.00025636,0.00262215,-0.00023234000000000002,0.00022675,-0.0010512700000000002,0.0011002572658246799,-0.005973701578724779,0.005829976900128447,-0.027029238437918563,0.028288751682277256
199,isolated_hBN,16,hBN,hBN_B,B,7.2150426253,3.6334523416,24.9039326987,0.00034585,0.00028035,0.00141519,0.00020003,0.00069529,0.00104968,0.00014581999999999998,-0.00041494,0.0003655099999999999,0.0005718708211650599,0.00374918293969892,-0.01066853633931333,0.009397639941635933,0.014703389976845803
200,isolated_hBN,17,hBN,hBN_B,B,6.294803042,1.2412284096,24.9176268952,0.00037514,-2.9e-05,0.00144631,0.00066505,-0.0004261,0.00027773,-0.00028991000000000005,0.0003971,0.0011685799999999998,0.0012677994456932057,-0.00745388579103082,0.010209851497424505,0.030045399805742445,0.03259643432144229
201,isolated_hBN,18,hBN,hBN_B,B,-1.7647316342,11.2131055293,24.8911100459,0.00031164,-0.00034122,0.00145344,0.00034595,-0.0008776,0.00151389,-3.430999999999996e-05,0.0005363799999999999,-6.044999999999987e-05,0.0005408649397030648,-0.0008821455675563696,0.013790884276475837,-0.0015542319894719465,0.013906196712494963
202,isolated_hBN,19,hBN,hBN_B,B,-2.6864038418,8.8196186258,24.8818678127,-9.45e-06,-0.00028066,0.00160332,0.00027308,-1.475e-05,0.00216467,-0.00028252999999999997,-0.00026591,-0.00056135,0.0006823819689147714,-0.007264138362043176,-0.006836820981314908,-0.014432888788917768,0.017544745825081743
203,isolated_hBN,20,hBN,hBN_B,B,-3.6067977094,6.4263467813,24.8881490073,-5.259e-05,-1.05e-05,0.0015675,-0.00036357,-9.302e-05,0.0026137,0.00031098000000000003,8.252e-05,-0.0010462,0.0010945558691999233,0.007995617271893914,0.002121674504073206,-0.02689888349686607,0.028142162881303494
204,isolated_hBN,21,hBN,hBN_B,B,9.7483808461,4.0326841384,24.8880459233,1.309e-05,7.349e-05,0.00157642,0.00010451,0.00038935,0.00263043,-9.142e-05,-0.00031586,-0.00105401,0.0011041115143408295,-0.002350502704342856,-0.008121087116536148,-0.027099686670361122,0.028387848395911245
205,isolated_hBN,22,hBN,hBN_B,B,8.8271921179,1.6402900153,24.9052010848,0.00021018,0.00018362,0.00138178,0.00047936,-0.00021975,0.00077159,-0.00026918000000000005,0.00040337,0.00061019,0.0007794209808569437,-0.006920896061638702,0.010371059678962787,0.015688615676689648,0.02003971913504493
206,isolated_hBN,23,hBN,hBN_B,B,0.7680633318,11.6121619519,24.8965282257,0.00023952,-0.00018972,0.00132673,0.00059865,-0.0003487,0.00132909,-0.00035913000000000004,0.00015898000000000003,-2.360000000000079e-06,0.00039275255174218797,-0.009233603546386459,0.004087540143693146,-6.067803962206658e-05,0.010098074108592982
207,isolated_hBN,24,hBN,hBN_B,B,-0.1535061597,9.2184744962,24.8838887208,0.00013177,2.989e-05,0.00132119,0.00021493,-1.06e-05,0.00194035,-8.316000000000001e-05,4.049e-05,-0.0006191599999999999,0.0006260304555690561,-0.0021381295656656306,0.0010410397560582177,-0.015919243649320965,0.01609589016425352
208,isolated_hBN,25,hBN,hBN_B,B,-1.074308253,6.8247905419,24.9052416833,-0.0002549,9.555e-05,0.00137616,-4.048e-05,0.00052231,0.00076421,-0.00021442000000000002,-0.00042676,0.00061195,0.0007762620926594317,-0.005512959854136899,-0.010972440758098417,0.01573386709606881,0.019958500854023616
209,isolated_hBN,26,hBN,hBN_B,B,-1.9943697952,4.4320370052,24.9038922137,-0.00040482,0.00018484,0.00141524,-0.0006891,-0.00014824,0.00105172,0.00028428,0.00033308000000000003,0.00036352,0.0005691258166697414,0.007309132671084961,0.008563831117507314,0.009346474984496993,0.014632813073655257
210,isolated_hBN,27,hBN,hBN_B,B,11.3608214847,2.038980008,24.8817846709,-0.00022061,0.0001495,0.00160388,-0.00013905,-0.00022775,0.00216821,-8.156e-05,0.00037725,-0.0005643299999999998,0.0006836943359426051,-0.0020969919116845697,0.00969948747772197,-0.014509507669457489,0.01757848813801123
211,isolated_hBN,28,hBN,hBN_B,B,3.301287349,12.010258112,24.8838771368,-2.951e-05,-0.00014769,0.00132683,-0.00010973,-0.00019456,0.00194744,8.021999999999999e-05,4.687000000000002e-05,-0.00062061,0.0006275259495829635,0.0020625391264754308,0.0012050761513076975,-0.015956524648241304,0.016134340861300313
212,isolated_hBN,29,hBN,hBN_B,B,2.3798122306,9.6170623203,24.8786848181,-4.03e-06,-9.86e-06,0.00126027,-5.59e-06,-9.59e-06,0.00260263,1.5599999999999995e-06,-2.700000000000008e-07,-0.00134236,0.0013423609336165887,4.010921263153418e-05,-6.9419791093040155e-06,-0.0345134632487604,0.03451348725300802
213,isolated_hBN,30,hBN,hBN_B,B,1.4578772282,7.2237026008,24.8964856511,2.43e-05,0.00029665,0.00131983,-1.942e-05,0.00068364,0.0013174,4.372e-05,-0.00038699000000000003,2.42999999999988e-06,0.00038945937323423094,0.001124086395032484,-0.009949912946331678,6.247781198373287e-05,0.010013403084869105
214,isolated_hBN,31,hBN,hBN_B,B,0.537487196,4.831208846,24.9174506203,-0.00016061,0.00036309,0.00144722,3.94e-05,0.00081219,0.00028172,-0.00020001,-0.00044909999999999997,0.0011654999999999999,0.001264944686577243,-0.00514246385796997,-0.011546825251808977,0.029966209821828908,0.032523035513497445
215,isolated_hBN,32,hBN,hBN_N,N,3.761889054,9.084864261,24.8848278476,-0.00015312,-8.54e-05,-0.00146335,-0.00059665,0.00024255,-0.00094086,0.00044353000000000003,-0.00032795,-0.00052249,0.0007597801415541209,0.01140361479388741,-0.008431933514430537,-0.013433758017852756,0.01953473285308422
216,isolated_hBN,33,hBN,hBN_N,N,2.8393574196,6.6924638483,24.8913925782,0.00014247,-0.00024495,-0.00130211,0.00102578,-0.00054528,-0.001358,-0.00088331,0.00030032999999999997,5.589000000000006e-05,0.0009346434384833609,-0.02271081321125671,0.007721794762582476,0.0014369896756259285,0.024030648979998313
217,isolated_hBN,34,hBN,hBN_N,N,1.9186618385,4.3004312345,24.9090901223,0.00028569,-0.00066212,-0.00105994,0.00074426,-0.00211039,-0.0029175,-0.00045856999999999994,0.0014482700000000002,0.0018575599999999999,0.0023996461387879673,-0.01179030874130938,0.037236518831969254,0.047759787830661954,0.06169738283402986
218,isolated_hBN,35,hBN,hBN_N,N,0.9981196047,1.9065575717,24.8908823868,0.00035407,-0.00022844,-0.00114483,0.00033982,-0.00078659,-0.00117286,1.4249999999999994e-05,0.00055815,2.803000000000007e-05,0.0005590350310132631,0.0003663822307688218,0.014350613480955647,0.0007206802756807091,0.014373368543196974
219,isolated_hBN,36,hBN,hBN_N,N,7.2147098382,11.8759893761,24.9093730441,0.00042037,0.00057985,-0.00105715,0.00144804,0.00169801,-0.00293126,-0.00102767,-0.00111816,0.0018741100000000002,0.0024121931321102797,-0.026422458041697912,-0.028749049484664276,0.04818530543902856,0.06201997900265234
220,isolated_hBN,37,hBN,hBN_N,N,6.2948412029,9.4835574811,24.9201093061,-4.056e-05,0.00013882,-0.00079218,-0.00049578,0.00046824,-0.00311444,0.00045522000000000005,-0.00032942,0.00232226,0.002389274846559098,0.011704176778286536,-0.008469728734025636,0.05970770520878628,0.06143072618962505
221,isolated_hBN,38,hBN,hBN_N,N,5.3739927104,7.0912753819,24.8881632038,-0.00026951,-0.00040477,-0.00098086,-0.00091874,-0.00081919,-0.00070347,0.00064923,0.00041442000000000003,-0.0002773900000000001,0.0008186505612286601,0.016692374433827525,0.010655166601769487,-0.007131983648629021,0.021048352199516108
222,isolated_hBN,39,hBN,hBN_N,N,4.4519126532,4.6977923154,24.8810148207,-0.00020095,-0.00035298,-0.000831,5.653e-05,-0.00035235,0.00046419,-0.00025748000000000004,-6.29999999999999e-07,-0.00129519,0.001320535301837857,-0.006620076966902195,-1.619795125504263e-05,-0.033300673787331266,0.03395232769798833
223,isolated_hBN,40,hBN,hBN_N,N,3.5316676086,2.3046263508,24.890933358,-0.00036818,-0.00020079,-0.00114803,-0.00084244,9.121e-05,-0.00117511,0.00047425999999999995,-0.000292,2.7080000000000073e-05,0.0005576018956208811,0.012193714860661157,-0.0075076218515435795,0.0006962547936294544,0.014336521150772085
224,isolated_hBN,41,hBN,hBN_N,N,-4.5288752776,12.2757098275,24.8909908201,1.641e-05,0.00042437,-0.00114423,0.00050829,0.00069082,-0.00117791,-0.00049188,-0.00026645,3.367999999999991e-05,0.0005604247311637844,-0.012646743275127588,-0.006850704939533516,0.0008659476163013256,0.014409099170652957
225,isolated_hBN,42,hBN,hBN_N,N,-5.4505843208,9.8834215573,24.918877515,0.00040099,0.00036204,-0.00090739,0.00157198,-0.00022951,-0.00359422,-0.00117099,0.0005915499999999999,0.00268683,0.0029900174634105397,-0.030107363397051425,0.015209362007810288,0.06908117677870834,0.07687643987944477
226,isolated_hBN,43,hBN,hBN_N,N,7.9065494982,7.4909770861,24.9082535739,4.972e-05,-0.00024389,-0.00113726,-0.00018325,-0.00167172,-0.00288182,0.00023297000000000001,0.00142783,0.0017445600000000003,0.0022663766508239534,0.005989899529979821,0.03671098530236119,0.04485444101824955,0.058270886532719404
227,isolated_hBN,44,hBN,hBN_N,N,6.9850445647,5.0963079703,24.8888599318,-0.00017142,-3.344e-05,-0.00100767,0.00010982,0.00023582,-0.00074238,-0.00028124,-0.00026926,-0.00026529000000000006,0.00047114293935068157,-0.007230971128520946,-0.006922952944337754,-0.006820880140397248,0.01211357200914263
228,isolated_hBN,45,hBN,hBN_N,N,6.0643020554,2.7025522556,24.9188569367,-0.00050656,0.00016861,-0.00091237,-0.0005832,0.00147416,-0.00359835,7.664e-05,-0.00130555,0.00268598,0.002987444234207561,0.0019704936256928077,-0.03356704009685863,0.0690593224000309,0.07681027949659096
229,isolated_hBN,46,hBN,hBN_N,N,5.1445434474,0.3104836372,24.909285282,-0.00070343,8.801e-05,-0.00106269,-0.00218659,0.00041348,-0.00293054,0.0014831599999999999,-0.00032546999999999996,0.0018678500000000001,0.0024071888021092156,0.038133576799093745,-0.008368170150759892,0.048024354367827655,0.061891312505158086
230,isolated_hBN,47,hBN,hBN_N,N,-2.9164613359,10.28217232,24.881053285,-0.0001972,0.00036333,-0.00082362,-0.00032077,0.00014295,0.00047519,0.00012357,0.00022037999999999997,-0.00129881,0.001323156946624247,0.003177112439024795,0.005666197615216349,-0.033393747729463415,0.03401973289554067
231,isolated_hBN,48,hBN,hBN_N,N,-3.8378954319,7.8891521947,24.888893204,5.959e-05,0.00015516,-0.00100251,0.00015169,-0.00022085,-0.00073467,-9.210000000000002e-05,0.00037600999999999997,-0.0002678400000000001,0.0004707485482717924,-0.0023679862072848072,0.009667605795886648,-0.006886443276429565,0.01210343180680728
232,isolated_hBN,49,hBN,hBN_N,N,9.5183012859,5.4956339458,24.8841658216,-3.84e-06,-1.63e-05,-0.00116757,-6.33e-06,-1.802e-05,-0.00055902,2.4900000000000007e-06,1.7200000000000005e-06,-0.0006085499999999999,0.0006085575248076388,6.402047400802574e-05,4.422297802964027e-05,-0.015646449581359058,0.015646643051942133
233,isolated_hBN,50,hBN,hBN_N,N,8.5961571545,3.1021480104,24.9082614606,0.00017687,0.00015781,-0.00113797,0.00152533,0.00066931,-0.00289086,-0.0013484600000000001,-0.0005115,0.0017528899999999998,0.0022699339139499192,-0.0346703005545632,-0.013151193757070346,0.04506861392928844,0.058362347444966635
234,isolated_hBN,51,hBN,hBN_N,N,7.676392018,0.7100765261,24.9199743533,-9.577e-05,-9.194e-05,-0.00078916,-0.00015879,-0.00065022,-0.00310849,6.301999999999999e-05,0.00055828,0.00231933,0.0023864072845388314,0.0016203093461790285,0.014353955915341608,0.05963237187993346,0.061356998205775705
235,isolated_hBN,52,hBN,hBN_N,N,-0.3827470334,10.681362346,24.8914783797,-0.00027657,2.361e-05,-0.00130166,-0.00097538,-0.00058826,-0.0013582,0.00069881,0.0006118699999999999,5.653999999999989e-05,0.0009305466590128622,0.017967127486565645,0.015731810213369758,0.00145370184755573,0.023925316544814508
236,isolated_hBN,53,hBN,hBN_N,N,-1.3046792304,8.2868914534,24.8883206523,-0.00021361,0.00044139,-0.0009857,-0.00024346,0.00121504,-0.00072311,2.9849999999999994e-05,-0.0007736499999999999,-0.00026258999999999994,0.0008175444043597875,0.0007674743570841636,-0.01989134125152976,-0.006751460349304205,0.021019911762940824
237,isolated_hBN,54,hBN,hBN_N,N,-2.2247949011,5.8937808185,24.9083700771,-0.00023813,5.657e-05,-0.00114842,-0.00135947,0.00097087,-0.0029027,0.00112134,-0.0009142999999999999,0.0017542799999999998,0.0022739494726136725,0.028830810571951634,-0.023507598146802377,0.045104352266184485,0.05846559160924796
238,isolated_hBN,55,hBN,hBN_N,N,11.1307622657,3.5014411743,24.8887938963,0.00010089,-0.00014831,-0.00100392,-0.00027544,-4.348e-05,-0.00073423,0.00037633,-0.00010483,-0.00026968999999999995,0.0004747065345031602,0.009675833326682861,-0.002695287666771621,-0.0069340086888451625,0.012205195724337163
239,isolated_hBN,56,hBN,hBN_N,N,10.2086008197,1.1087439475,24.8882284621,0.00048188,-2.803e-05,-0.00098631,0.00116417,-0.00038782,-0.00071689,-0.0006822899999999999,0.00035978999999999997,-0.00026942000000000003,0.0008170407729116093,-0.017542381209211193,0.009250572828653644,-0.006927066709735861,0.021006962877785113
240,isolated_hBN,57,hBN,hBN_N,N,2.1496567646,11.0800627402,24.8847826073,0.00016372,-7.087e-05,-0.00146364,0.00010143,-0.00061682,-0.00093573,6.229000000000002e-05,0.00054595,-0.00052791,0.0007619910857090128,0.0016015402915501701,0.01403693886935006,-0.0135731118207136,0.01959157851284384
241,isolated_hBN,58,hBN,hBN_N,N,1.2278742017,8.6862307721,24.8848202978,2.08e-06,0.00019725,-0.0014679,0.0005098,0.00042034,-0.00094636,-0.00050772,-0.00022309,-0.00052154,0.0007612835989958013,-0.01305400604954009,-0.005735874516646771,-0.013409332535801502,0.019573388298091157
242,isolated_hBN,59,hBN,hBN_N,N,0.3066873975,6.2932830909,24.9198290693,0.00013583,-4.017e-05,-0.00077989,0.00064722,0.00018205,-0.00308516,-0.00051139,-0.00022222000000000002,0.00230527,0.0023717443440219267,-0.013148365543359148,-0.00571350591729457,0.05927087474557489,0.06097999884744489
243,isolated_hBN,60,hBN,hBN_N,N,-0.61280471,3.9009340321,24.9187133932,0.00010169,-0.00054133,-0.00091272,-0.00099279,-0.00126501,-0.00359417,0.0010944799999999999,0.00072368,0.0026814499999999997,0.0029852593380307844,0.028140212205744575,0.01860656089563376,0.06894285141719701,0.07675410355727547
244,isolated_hBN,61,hBN,hBN_N,N,12.7424606205,1.5069380198,24.8810423546,0.00039917,-6.53e-06,-0.0008293,0.00027351,0.00021029,0.00046747,0.00012566000000000004,-0.00021682,-0.00129677,0.0013207625755221868,0.0032308484995375564,-0.005574666335108489,-0.03334129722063756,0.033958171139353927
245,isolated_hBN,62,hBN,hBN_N,N,4.6828097375,11.4773257002,24.8916053984,0.00014279,0.00025176,-0.00130233,-3.95e-05,0.00116537,-0.00136799,0.00018229,-0.00091361,6.565999999999994e-05,0.0009339293933697558,0.004686864340129723,-0.023489857533523048,0.0016881864752477773,0.024012290141991844
