E_minus_own_EF_eV,DOS_spin_sum_states_per_eV_cell
-11.01,0.10798
-11.0,0.12508
-10.99,0.14452
-10.98,0.1666
-10.97,0.19158
-10.959999999999999,0.2198
-10.95,0.2514
-10.94,0.287
-10.93,0.327
-10.92,0.3714
-10.91,0.421
-10.9,0.476
-10.89,0.537
-10.879999999999999,0.6042
-10.87,0.6784
-10.86,0.7598
-10.85,0.849
-10.84,0.9464
-10.83,1.0526
-10.82,1.1682
-10.81,1.2932
-10.799999999999999,1.4284
-10.79,1.5742
-10.78,1.731
-10.77,1.899
-10.76,2.078
-10.75,2.27
-10.74,2.474
-10.73,2.69
-10.72,2.92
-10.709999999999999,3.16
-10.7,3.414
-10.69,3.682
-10.68,3.96
-10.67,4.252
-10.66,4.554
-10.65,4.87
-10.64,5.196
-10.629999999999999,5.532
-10.62,5.88
-10.61,6.236
-10.6,6.602
-10.59,6.976
-10.58,7.356
-10.57,7.744
-10.56,8.138
-10.549999999999999,8.536
-10.54,8.938
-10.53,9.342
-10.52,9.748
-10.51,10.156
-10.5,10.562
-10.49,10.968
-10.48,11.372
-10.47,11.772
-10.459999999999999,12.168
-10.45,12.56
-10.44,12.944
-10.43,13.324
-10.42,13.696
-10.41,14.06
-10.4,14.414
-10.39,14.762
-10.379999999999999,15.098
-10.37,15.424
-10.36,15.742
-10.35,16.046
-10.34,16.342
-10.33,16.626
-10.32,16.898
-10.31,17.16
-10.299999999999999,17.412
-10.29,17.652
-10.28,17.88
-10.27,18.098
-10.26,18.308
-10.25,18.506
-10.24,18.694
-10.23,18.874
-10.22,19.046
-10.209999999999999,19.208
-10.2,19.364
-10.19,19.512
-10.18,19.654
-10.17,19.79
-10.16,19.922
-10.15,20.04
-10.14,20.18
-10.129999999999999,20.3
-10.12,20.4
-10.11,20.52
-10.1,20.64
-10.09,20.76
-10.08,20.86
-10.07,20.98
-10.06,21.1
-10.049999999999999,21.2
-10.04,21.32
-10.03,21.44
-10.02,21.56
-10.01,21.68
-10.0,21.82
-9.99,21.94
-9.98,22.08
-9.97,22.2
-9.959999999999999,22.34
-9.95,22.48
-9.94,22.62
-9.93,22.76
-9.92,22.9
-9.91,23.04
-9.9,23.2
-9.89,23.34
-9.879999999999999,23.48
-9.87,23.62
-9.86,23.76
-9.85,23.88
-9.84,24.02
-9.83,24.14
-9.82,24.26
-9.81,24.38
-9.799999999999999,24.48
-9.79,24.58
-9.78,24.68
-9.77,24.76
-9.76,24.82
-9.75,24.9
-9.74,24.94
-9.73,24.98
-9.72,25.02
-9.709999999999999,25.04
-9.7,25.04
-9.69,25.04
-9.68,25.02
-9.67,24.98
-9.66,24.94
-9.65,24.86
-9.64,24.8
-9.629999999999999,24.7
-9.62,24.6
-9.61,24.48
-9.6,24.36
-9.59,24.22
-9.58,24.06
-9.57,23.88
-9.56,23.7
-9.549999999999999,23.52
-9.54,23.32
-9.53,23.1
-9.52,22.86
-9.51,22.64
-9.5,22.38
-9.49,22.14
-9.48,21.88
-9.47,21.6
-9.459999999999999,21.34
-9.45,21.06
-9.44,20.78
-9.43,20.48
-9.42,20.2
-9.41,19.904
-9.4,19.612
-9.39,19.318
-9.379999999999999,19.026
-9.37,18.736
-9.36,18.446
-9.35,18.162
-9.34,17.88
-9.33,17.604
-9.32,17.332
-9.31,17.066
-9.299999999999999,16.808
-9.29,16.558
-9.28,16.316
-9.27,16.082
-9.26,15.858
-9.25,15.644
-9.24,15.44
-9.23,15.246
-9.22,15.062
-9.209999999999999,14.888
-9.2,14.728
-9.19,14.576
-9.18,14.438
-9.17,14.308
-9.16,14.19
-9.15,14.082
-9.14,13.986
-9.129999999999999,13.898
-9.12,13.82
-9.11,13.75
-9.1,13.69
-9.09,13.636
-9.08,13.59
-9.07,13.552
-9.06,13.518
-9.049999999999999,13.49
-9.04,13.466
-9.03,13.448
-9.02,13.432
-9.01,13.418
-9.0,13.408
-8.99,13.398
-8.98,13.39
-8.97,13.384
-8.959999999999999,13.378
-8.95,13.372
-8.94,13.366
-8.93,13.36
-8.92,13.354
-8.91,13.348
-8.9,13.34
-8.89,13.334
-8.879999999999999,13.328
-8.87,13.324
-8.86,13.318
-8.85,13.316
-8.84,13.314
-8.83,13.314
-8.82,13.316
-8.81,13.32
-8.799999999999999,13.328
-8.79,13.338
-8.78,13.352
-8.77,13.37
-8.76,13.394
-8.75,13.42
-8.74,13.452
-8.73,13.486
-8.72,13.526
-8.709999999999999,13.572
-8.7,13.62
-8.69,13.672
-8.68,13.728
-8.67,13.786
-8.66,13.848
-8.65,13.91
-8.64,13.976
-8.629999999999999,14.04
-8.62,14.106
-8.61,14.17
-8.6,14.232
-8.59,14.292
-8.58,14.35
-8.57,14.402
-8.56,14.452
-8.549999999999999,14.494
-8.54,14.532
-8.53,14.564
-8.52,14.588
-8.51,14.604
-8.5,14.614
-8.49,14.616
-8.48,14.61
-8.47,14.598
-8.459999999999999,14.576
-8.45,14.55
-8.44,14.516
-8.43,14.478
-8.42,14.434
-8.41,14.384
-8.4,14.332
-8.39,14.278
-8.379999999999999,14.222
-8.37,14.164
-8.36,14.108
-8.35,14.054
-8.34,14.002
-8.33,13.954
-8.32,13.91
-8.31,13.87
-8.299999999999999,13.838
-8.29,13.814
-8.28,13.796
-8.27,13.786
-8.26,13.784
-8.25,13.792
-8.24,13.81
-8.23,13.834
-8.22,13.87
-8.209999999999999,13.912
-8.2,13.962
-8.19,14.022
-8.18,14.088
-8.17,14.158
-8.16,14.236
-8.15,14.318
-8.14,14.404
-8.129999999999999,14.492
-8.12,14.582
-8.11,14.674
-8.1,14.764
-8.09,14.854
-8.08,14.94
-8.07,15.024
-8.06,15.106
-8.049999999999999,15.18
-8.04,15.252
-8.03,15.316
-8.02,15.374
-8.01,15.424
-8.0,15.468
-7.99,15.504
-7.98,15.532
-7.970000000000001,15.552
-7.959999999999999,15.566
-7.949999999999999,15.572
-7.9399999999999995,15.572
-7.93,15.564
-7.92,15.55
-7.91,15.53
-7.9,15.504
-7.890000000000001,15.474
-7.879999999999999,15.44
-7.869999999999999,15.402
-7.859999999999999,15.364
-7.85,15.322
-7.84,15.278
-7.83,15.236
-7.82,15.192
-7.8100000000000005,15.15
-7.799999999999999,15.11
-7.789999999999999,15.072
-7.779999999999999,15.036
-7.77,15.004
-7.76,14.976
-7.75,14.952
-7.74,14.932
-7.73,14.918
-7.720000000000001,14.91
-7.709999999999999,14.906
-7.699999999999999,14.908
-7.6899999999999995,14.914
-7.68,14.926
-7.67,14.944
-7.66,14.968
-7.65,14.996
-7.640000000000001,15.03
-7.629999999999999,15.068
-7.619999999999999,15.11
-7.609999999999999,15.156
-7.6,15.206
-7.59,15.258
-7.58,15.314
-7.57,15.372
-7.5600000000000005,15.432
-7.549999999999999,15.494
-7.539999999999999,15.556
-7.529999999999999,15.62
-7.52,15.684
-7.51,15.748
-7.5,15.812
-7.49,15.876
-7.48,15.938
-7.470000000000001,16.0
-7.459999999999999,16.06
-7.449999999999999,16.118
-7.4399999999999995,16.176
-7.43,16.232
-7.42,16.284
-7.41,16.336
-7.4,16.386
-7.390000000000001,16.434
-7.379999999999999,16.48
-7.369999999999999,16.524
-7.359999999999999,16.566
-7.35,16.608
-7.34,16.646
-7.33,16.684
-7.32,16.72
-7.3100000000000005,16.754
-7.299999999999999,16.788
-7.289999999999999,16.82
-7.279999999999999,16.854
-7.27,16.886
-7.26,16.918
-7.25,16.95
-7.24,16.982
-7.23,17.016
-7.220000000000001,17.05
-7.209999999999999,17.086
-7.199999999999999,17.124
-7.1899999999999995,17.164
-7.18,17.206
-7.17,17.252
-7.16,17.302
-7.15,17.354
-7.140000000000001,17.41
-7.129999999999999,17.472
-7.119999999999999,17.538
-7.109999999999999,17.61
-7.1,17.686
-7.09,17.77
-7.08,17.858
-7.07,17.954
-7.0600000000000005,18.054
-7.049999999999999,18.162
-7.039999999999999,18.278
-7.029999999999999,18.398
-7.02,18.528
-7.01,18.662
-7.0,18.804
-6.99,18.952
-6.98,19.108
-6.970000000000001,19.27
-6.959999999999999,19.436
-6.949999999999999,19.61
-6.9399999999999995,19.79
-6.93,19.974
-6.92,20.16
-6.91,20.36
-6.9,20.56
-6.890000000000001,20.76
-6.879999999999999,20.98
-6.869999999999999,21.18
-6.859999999999999,21.4
-6.85,21.62
-6.84,21.84
-6.83,22.06
-6.82,22.3
-6.8100000000000005,22.52
-6.799999999999999,22.76
-6.789999999999999,23.0
-6.779999999999999,23.24
-6.77,23.48
-6.76,23.72
-6.75,23.98
-6.74,24.22
-6.73,24.48
-6.720000000000001,24.72
-6.709999999999999,24.98
-6.699999999999999,25.24
-6.6899999999999995,25.5
-6.68,25.76
-6.67,26.02
-6.66,26.28
-6.65,26.54
-6.640000000000001,26.8
-6.629999999999999,27.06
-6.619999999999999,27.32
-6.609999999999999,27.58
-6.6,27.84
-6.59,28.1
-6.58,28.36
-6.57,28.6
-6.5600000000000005,28.84
-6.549999999999999,29.08
-6.539999999999999,29.32
-6.529999999999999,29.54
-6.52,29.76
-6.51,29.96
-6.5,30.18
-6.49,30.36
-6.48,30.56
-6.470000000000001,30.74
-6.459999999999999,30.9
-6.449999999999999,31.08
-6.4399999999999995,31.22
-6.43,31.38
-6.42,31.5
-6.41,31.64
-6.4,31.76
-6.390000000000001,31.88
-6.379999999999999,32.0
-6.369999999999999,32.1
-6.359999999999999,32.22
-6.35,32.32
-6.34,32.42
-6.33,32.52
-6.32,32.62
-6.3100000000000005,32.72
-6.299999999999999,32.82
-6.289999999999999,32.94
-6.279999999999999,33.06
-6.27,33.18
-6.26,33.3
-6.25,33.42
-6.24,33.56
-6.23,33.72
-6.220000000000001,33.86
-6.209999999999999,34.02
-6.199999999999999,34.2
-6.1899999999999995,34.38
-6.18,34.56
-6.17,34.76
-6.16,34.96
-6.15,35.16
-6.140000000000001,35.36
-6.129999999999999,35.58
-6.119999999999999,35.8
-6.109999999999999,36.0
-6.1,36.22
-6.09,36.44
-6.08,36.64
-6.07,36.86
-6.0600000000000005,37.06
-6.049999999999999,37.26
-6.039999999999999,37.44
-6.029999999999999,37.62
-6.02,37.78
-6.01,37.94
-6.0,38.06
-5.99,38.2
-5.98,38.3
-5.970000000000001,38.4
-5.959999999999999,38.48
-5.949999999999999,38.52
-5.9399999999999995,38.56
-5.93,38.58
-5.92,38.6
-5.91,38.58
-5.9,38.54
-5.890000000000001,38.5
-5.879999999999999,38.42
-5.869999999999999,38.34
-5.859999999999999,38.24
-5.85,38.12
-5.84,38.0
-5.83,37.86
-5.82,37.7
-5.8100000000000005,37.54
-5.799999999999999,37.36
-5.789999999999999,37.18
-5.779999999999999,36.98
-5.77,36.78
-5.76,36.58
-5.75,36.36
-5.74,36.16
-5.73,35.94
-5.720000000000001,35.72
-5.709999999999999,35.5
-5.699999999999999,35.28
-5.6899999999999995,35.06
-5.68,34.84
-5.67,34.62
-5.66,34.4
-5.65,34.18
-5.640000000000001,33.96
-5.629999999999999,33.74
-5.619999999999999,33.52
-5.609999999999999,33.3
-5.6,33.08
-5.59,32.86
-5.58,32.64
-5.57,32.42
-5.5600000000000005,32.2
-5.549999999999999,31.96
-5.539999999999999,31.74
-5.529999999999999,31.52
-5.52,31.3
-5.51,31.06
-5.5,30.84
-5.49,30.6
-5.48,30.36
-5.470000000000001,30.14
-5.459999999999999,29.92
-5.449999999999999,29.68
-5.4399999999999995,29.46
-5.43,29.24
-5.42,29.02
-5.41,28.82
-5.4,28.62
-5.390000000000001,28.42
-5.379999999999999,28.24
-5.369999999999999,28.06
-5.359999999999999,27.9
-5.35,27.74
-5.34,27.62
-5.33,27.48
-5.32,27.38
-5.3100000000000005,27.28
-5.299999999999999,27.2
-5.289999999999999,27.14
-5.279999999999999,27.1
-5.27,27.06
-5.26,27.04
-5.25,27.04
-5.24,27.04
-5.23,27.06
-5.220000000000001,27.1
-5.209999999999999,27.12
-5.199999999999999,27.18
-5.1899999999999995,27.22
-5.18,27.28
-5.17,27.34
-5.16,27.4
-5.15,27.44
-5.140000000000001,27.5
-5.129999999999999,27.54
-5.119999999999999,27.58
-5.109999999999999,27.62
-5.1,27.64
-5.09,27.64
-5.08,27.64
-5.07,27.62
-5.0600000000000005,27.6
-5.049999999999999,27.54
-5.039999999999999,27.48
-5.029999999999999,27.42
-5.02,27.32
-5.01,27.22
-5.0,27.1
-4.99,26.98
-4.98,26.84
-4.970000000000001,26.68
-4.959999999999999,26.52
-4.949999999999999,26.36
-4.9399999999999995,26.18
-4.93,26.0
-4.92,25.82
-4.91,25.62
-4.9,25.44
-4.890000000000001,25.26
-4.879999999999999,25.08
-4.869999999999999,24.9
-4.859999999999999,24.74
-4.85,24.58
-4.84,24.44
-4.83,24.3
-4.82,24.16
-4.8100000000000005,24.06
-4.799999999999999,23.96
-4.789999999999999,23.86
-4.779999999999999,23.8
-4.77,23.74
-4.76,23.7
-4.75,23.66
-4.74,23.64
-4.73,23.64
-4.720000000000001,23.64
-4.709999999999999,23.66
-4.699999999999999,23.7
-4.6899999999999995,23.74
-4.68,23.78
-4.67,23.84
-4.66,23.9
-4.65,23.96
-4.640000000000001,24.02
-4.629999999999999,24.08
-4.619999999999999,24.14
-4.609999999999999,24.22
-4.6,24.28
-4.59,24.32
-4.58,24.38
-4.57,24.42
-4.5600000000000005,24.46
-4.549999999999999,24.48
-4.539999999999999,24.52
-4.529999999999999,24.52
-4.52,24.52
-4.51,24.52
-4.5,24.5
-4.49,24.48
-4.48,24.44
-4.470000000000001,24.4
-4.459999999999999,24.36
-4.449999999999999,24.3
-4.4399999999999995,24.22
-4.43,24.16
-4.42,24.08
-4.41,24.0
-4.4,23.9
-4.390000000000001,23.82
-4.379999999999999,23.72
-4.369999999999999,23.64
-4.359999999999999,23.54
-4.35,23.46
-4.34,23.36
-4.33,23.28
-4.32,23.2
-4.3100000000000005,23.12
-4.299999999999999,23.04
-4.289999999999999,22.98
-4.279999999999999,22.92
-4.27,22.86
-4.26,22.82
-4.25,22.78
-4.24,22.74
-4.23,22.72
-4.220000000000001,22.7
-4.209999999999999,22.7
-4.199999999999999,22.7
-4.1899999999999995,22.7
-4.18,22.7
-4.17,22.72
-4.16,22.74
-4.15,22.76
-4.140000000000001,22.8
-4.129999999999999,22.82
-4.119999999999999,22.86
-4.109999999999999,22.9
-4.1,22.94
-4.09,22.98
-4.08,23.02
-4.07,23.06
-4.0600000000000005,23.08
-4.049999999999999,23.12
-4.039999999999999,23.14
-4.029999999999999,23.18
-4.02,23.2
-4.01,23.2
-4.0,23.22
-3.99,23.22
-3.9799999999999995,23.22
-3.9699999999999998,23.22
-3.96,23.2
-3.95,23.18
-3.9399999999999995,23.16
-3.9299999999999997,23.14
-3.92,23.1
-3.91,23.06
-3.8999999999999995,23.02
-3.8899999999999997,22.96
-3.88,22.92
-3.87,22.86
-3.8599999999999994,22.8
-3.8499999999999996,22.74
-3.84,22.7
-3.83,22.64
-3.8199999999999994,22.58
-3.8099999999999996,22.52
-3.8,22.48
-3.79,22.44
-3.7799999999999994,22.38
-3.7699999999999996,22.34
-3.76,22.32
-3.75,22.28
-3.74,22.26
-3.7299999999999995,22.24
-3.7199999999999998,22.24
-3.71,22.22
-3.7,22.22
-3.6899999999999995,22.24
-3.6799999999999997,22.24
-3.67,22.26
-3.66,22.28
-3.6499999999999995,22.3
-3.6399999999999997,22.32
-3.63,22.34
-3.62,22.36
-3.6099999999999994,22.38
-3.5999999999999996,22.4
-3.59,22.42
-3.58,22.44
-3.5699999999999994,22.44
-3.5599999999999996,22.44
-3.55,22.42
-3.54,22.42
-3.5299999999999994,22.38
-3.5199999999999996,22.36
-3.51,22.3
-3.5,22.26
-3.49,22.18
-3.4799999999999995,22.1
-3.4699999999999998,22.02
-3.46,21.92
-3.45,21.8
-3.4399999999999995,21.68
-3.4299999999999997,21.54
-3.42,21.4
-3.41,21.26
-3.3999999999999995,21.1
-3.3899999999999997,20.94
-3.38,20.78
-3.37,20.6
-3.3599999999999994,20.42
-3.3499999999999996,20.26
-3.34,20.08
-3.33,19.91
-3.3199999999999994,19.744
-3.3099999999999996,19.584
-3.3,19.43
-3.29,19.286
-3.2799999999999994,19.15
-3.2699999999999996,19.026
-3.26,18.912
-3.25,18.814
-3.24,18.728
-3.2299999999999995,18.656
-3.2199999999999998,18.6
-3.21,18.558
-3.2,18.532
-3.1899999999999995,18.522
-3.1799999999999997,18.528
-3.17,18.55
-3.16,18.588
-3.1499999999999995,18.638
-3.1399999999999997,18.704
-3.13,18.782
-3.12,18.874
-3.1099999999999994,18.976
-3.0999999999999996,19.09
-3.09,19.214
-3.08,19.346
-3.0699999999999994,19.486
-3.0599999999999996,19.632
-3.05,19.782
-3.04,19.938
-3.0299999999999994,20.1
-3.0199999999999996,20.26
-3.01,20.42
-3.0,20.58
-2.99,20.74
-2.9799999999999995,20.9
-2.9699999999999998,21.06
-2.96,21.2
-2.95,21.36
-2.9399999999999995,21.5
-2.9299999999999997,21.64
-2.92,21.76
-2.91,21.9
-2.8999999999999995,22.02
-2.8899999999999997,22.12
-2.88,22.22
-2.87,22.32
-2.8599999999999994,22.4
-2.8499999999999996,22.48
-2.84,22.54
-2.83,22.6
-2.8199999999999994,22.66
-2.8099999999999996,22.68
-2.8,22.72
-2.79,22.74
-2.7799999999999994,22.74
-2.7699999999999996,22.74
-2.76,22.72
-2.75,22.7
-2.74,22.66
-2.7299999999999995,22.6
-2.7199999999999998,22.54
-2.71,22.48
-2.7,22.4
-2.6899999999999995,22.3
-2.6799999999999997,22.2
-2.67,22.08
-2.66,21.96
-2.6499999999999995,21.84
-2.6399999999999997,21.68
-2.63,21.54
-2.62,21.38
-2.6099999999999994,21.2
-2.5999999999999996,21.02
-2.59,20.84
-2.58,20.64
-2.5699999999999994,20.44
-2.5599999999999996,20.24
-2.55,20.04
-2.54,19.816
-2.5299999999999994,19.594
-2.5199999999999996,19.37
-2.51,19.142
-2.5,18.91
-2.49,18.676
-2.4799999999999995,18.442
-2.4699999999999998,18.206
-2.46,17.968
-2.45,17.732
-2.4399999999999995,17.496
-2.4299999999999997,17.258
-2.42,17.024
-2.41,16.79
-2.3999999999999995,16.558
-2.3899999999999997,16.328
-2.38,16.102
-2.37,15.876
-2.3599999999999994,15.654
-2.3499999999999996,15.436
-2.34,15.218
-2.33,15.004
-2.3199999999999994,14.794
-2.3099999999999996,14.586
-2.3,14.38
-2.29,14.178
-2.2799999999999994,13.978
-2.2699999999999996,13.778
-2.26,13.582
-2.25,13.388
-2.24,13.194
-2.2299999999999995,13.0
-2.2199999999999998,12.808
-2.21,12.616
-2.2,12.424
-2.1899999999999995,12.23
-2.1799999999999997,12.036
-2.17,11.84
-2.16,11.642
-2.1499999999999995,11.442
-2.1399999999999997,11.24
-2.13,11.034
-2.12,10.826
-2.1099999999999994,10.616
-2.0999999999999996,10.4
-2.09,10.182
-2.08,9.958
-2.0699999999999994,9.732
-2.0599999999999996,9.502
-2.05,9.268
-2.04,9.032
-2.0299999999999994,8.79
-2.0199999999999996,8.546
-2.01,8.298
-2.0,8.048
-1.9900000000000002,7.796
-1.9799999999999995,7.542
-1.9699999999999998,7.286
-1.96,7.03
-1.9500000000000002,6.772
-1.9399999999999995,6.514
-1.9299999999999997,6.258
-1.92,6.002
-1.9100000000000001,5.746
-1.8999999999999995,5.494
-1.8899999999999997,5.244
-1.88,4.996
-1.87,4.752
-1.8599999999999994,4.514
-1.8499999999999996,4.278
-1.8399999999999999,4.048
-1.83,3.824
-1.8199999999999994,3.606
-1.8099999999999996,3.394
-1.7999999999999998,3.188
-1.79,2.988
-1.7799999999999994,2.796
-1.7699999999999996,2.612
-1.7599999999999998,2.434
-1.75,2.264
-1.7400000000000002,2.102
-1.7299999999999995,1.9476
-1.7199999999999998,1.8006
-1.71,1.6614
-1.7000000000000002,1.5298
-1.6899999999999995,1.4056
-1.6799999999999997,1.2886
-1.67,1.179
-1.6600000000000001,1.0762
-1.6499999999999995,0.9804
-1.6399999999999997,0.8912
-1.63,0.8082
-1.62,0.7314
-1.6099999999999994,0.6602
-1.5999999999999996,0.5948
-1.5899999999999999,0.5346
-1.58,0.4794
-1.5699999999999994,0.429
-1.5599999999999996,0.3828
-1.5499999999999998,0.341
-1.54,0.303
-1.5299999999999994,0.2686
-1.5199999999999996,0.2374
-1.5099999999999998,0.2096
-1.5,0.18438
-1.4900000000000002,0.1619
-1.4799999999999995,0.1418
-1.4699999999999998,0.12392
-1.46,0.10802
-1.4500000000000002,0.09392
-1.4399999999999995,0.08148
-1.4299999999999997,0.0705
-1.42,0.06086
-1.4100000000000001,0.0524
-1.3999999999999995,0.04502
-1.3899999999999997,0.03858
-1.38,0.03296
-1.37,0.0281
-1.3599999999999994,0.0239
-1.3499999999999996,0.02028
-1.3399999999999999,0.01716
-1.33,0.014486
-1.3199999999999994,0.012196
-1.3099999999999996,0.010242
-1.2999999999999998,0.00858
-1.29,0.00717
-1.2799999999999994,0.005974
-1.2699999999999996,0.004968
-1.2599999999999998,0.004118
-1.25,0.003406
-1.2400000000000002,0.00281
-1.2299999999999995,0.002312
-1.2199999999999998,0.0018978
-1.21,0.0015536
-1.2000000000000002,0.0012686
-1.1899999999999995,0.001033
-1.1799999999999997,0.0008392
-1.17,0.00068
-1.1600000000000001,0.0005494
-1.1499999999999995,0.0004428
-1.1399999999999997,0.000356
-1.13,0.0002854
-1.12,0.0002282
-1.1099999999999994,0.0001821
-1.0999999999999996,0.00014486
-1.0899999999999999,0.00011494
-1.08,9.098e-05
-1.0699999999999994,7.182e-05
-1.0599999999999996,5.654e-05
-1.0499999999999998,4.44e-05
-1.04,3.476e-05
-1.0299999999999994,2.716e-05
-1.0199999999999996,2.116e-05
-1.0099999999999998,1.6438e-05
-1.0,1.274e-05
-0.9900000000000002,9.846e-06
-0.9799999999999995,7.59e-06
-0.9699999999999998,5.836e-06
-0.96,4.476e-06
-0.9500000000000002,3.422e-06
-0.9399999999999995,2.612e-06
-0.9299999999999997,1.9864e-06
-0.9199999999999999,1.5072e-06
-0.9100000000000001,1.1406e-06
-0.8999999999999995,8.61e-07
-0.8899999999999997,6.48e-07
-0.8799999999999999,4.866e-07
-0.8700000000000001,3.644e-07
-0.8599999999999994,2.72e-07
-0.8499999999999996,2.026e-07
-0.8399999999999999,1.5054e-07
-0.8300000000000001,1.1154e-07
-0.8199999999999994,8.242e-08
-0.8099999999999996,6.074e-08
-0.7999999999999998,4.464e-08
-0.79,3.272e-08
-0.7799999999999994,2.392e-08
-0.7699999999999996,1.7444e-08
-0.7599999999999998,1.2686e-08
-0.75,9.2e-09
-0.7400000000000002,6.654e-09
-0.7299999999999995,4.8e-09
-0.7199999999999998,3.454e-09
-0.71,2.478e-09
-0.7000000000000002,1.774e-09
-0.6899999999999995,1.2662e-09
-0.6799999999999997,9.014e-10
-0.6699999999999999,6.4e-10
-0.6600000000000001,4.532e-10
-0.6499999999999995,3.2e-10
-0.6399999999999997,2.254e-10
-0.6299999999999999,1.583e-10
-0.6200000000000001,1.109e-10
-0.6099999999999994,7.748e-11
-0.5999999999999996,5.398e-11
-0.5899999999999999,3.752e-11
-0.5800000000000001,2.6e-11
-0.5699999999999994,1.7976e-11
-0.5599999999999996,1.2392e-11
-0.5499999999999998,8.52e-12
-0.54,5.842e-12
-0.5299999999999994,3.996e-12
-0.5199999999999996,2.726e-12
-0.5099999999999998,1.8536e-12
-0.5,1.2576e-12
-0.4900000000000002,8.508e-13
-0.47999999999999954,5.742e-13
-0.46999999999999975,3.864e-13
-0.45999999999999996,2.594e-13
-0.4500000000000002,1.7358e-13
-0.4399999999999995,1.1588e-13
-0.4299999999999997,7.714e-14
-0.41999999999999993,5.122e-14
-0.41000000000000014,3.392e-14
-0.39999999999999947,2.24e-14
-0.3899999999999997,1.4758e-14
-0.3799999999999999,9.694e-15
-0.3700000000000001,6.352e-15
-0.35999999999999943,4.15e-15
-0.34999999999999964,2.704e-15
-0.33999999999999986,1.7576e-15
-0.33000000000000007,1.1392e-15
-0.3199999999999994,7.364e-16
-0.3099999999999996,4.748e-16
-0.2999999999999998,3.052e-16
-0.29000000000000004,1.9574e-16
-0.27999999999999936,1.2518e-16
-0.2699999999999996,7.984e-17
-0.2599999999999998,5.078e-17
-0.25,3.222e-17
-0.2400000000000002,2.038e-17
-0.22999999999999954,1.286e-17
-0.21999999999999975,8.092e-18
-0.20999999999999996,5.08e-18
-0.20000000000000018,3.18e-18
-0.1899999999999995,1.9844e-18
-0.17999999999999972,1.2354e-18
-0.16999999999999993,7.67e-19
-0.16000000000000014,4.75e-19
-0.14999999999999947,2.934e-19
-0.13999999999999968,1.8064e-19
-0.1299999999999999,1.1096e-19
-0.1200000000000001,6.798e-20
-0.10999999999999943,4.152e-20
-0.09999999999999964,2.53e-20
-0.08999999999999986,1.5374e-20
-0.08000000000000007,9.318e-21
-0.0699999999999994,5.632e-21
-0.05999999999999961,3.394e-21
-0.04999999999999982,2.04e-21
-0.040000000000000036,1.2234e-21
-0.02999999999999936,7.314e-22
-0.019999999999999574,4.362e-22
-0.009999999999999787,2.594e-22
0.0,1.5386e-22
0.010000000000000231,9.102e-23
0.020000000000000018,5.368e-23
0.03000000000000025,3.158e-23
0.040000000000000036,1.8534e-23
0.050000000000000266,1.0846e-23
0.06000000000000005,6.33e-24
0.07000000000000028,3.684e-24
0.08000000000000007,2.138e-24
0.0900000000000003,1.238e-24
0.10000000000000009,7.148e-25
0.11000000000000032,4.116e-25
0.1200000000000001,2.364e-25
0.13000000000000034,1.3534e-25
0.14000000000000012,7.73e-26
0.15000000000000036,4.404e-26
0.16000000000000014,2.502e-26
0.17000000000000037,1.4174e-26
0.18000000000000016,8.008e-27
0.1900000000000004,4.512e-27
0.20000000000000018,2.536e-27
0.2100000000000004,1.4214e-27
0.2200000000000002,7.946e-28
0.23000000000000043,4.43e-28
0.2400000000000002,2.462e-28
0.25,1.3656e-28
0.26000000000000023,7.552e-29
0.27,4.164e-29
0.28000000000000025,2.292e-29
0.29000000000000004,1.2576e-29
0.30000000000000027,6.896e-30
0.31000000000000005,3.794e-30
0.3200000000000003,2.122e-30
0.33000000000000007,1.26e-30
0.3400000000000003,8.836e-31
0.3500000000000001,8.514e-31
0.3600000000000003,1.1514e-30
0.3700000000000001,1.8976e-30
0.38000000000000034,3.372e-30
0.3900000000000001,6.124e-30
0.40000000000000036,1.118e-29
0.41000000000000014,2.04e-29
0.4200000000000004,3.714e-29
0.43000000000000016,6.746e-29
0.4400000000000004,1.222e-28
0.4500000000000002,2.208e-28
0.4600000000000004,3.978e-28
0.4700000000000002,7.148e-28
0.4800000000000004,1.2808e-27
0.4900000000000002,2.29e-27
0.5,4.08e-27
0.5100000000000002,7.254e-27
0.52,1.2862e-26
0.5300000000000002,2.274e-26
0.54,4.01e-26
0.5500000000000003,7.052e-26
0.56,1.237e-25
0.5700000000000003,2.164e-25
0.5800000000000001,3.774e-25
0.5900000000000003,6.568e-25
0.6000000000000001,1.1396e-24
0.6100000000000003,1.9722e-24
0.6200000000000001,3.404e-24
0.6300000000000003,5.86e-24
0.6400000000000001,1.0058e-23
0.6500000000000004,1.722e-23
0.6600000000000001,2.94e-23
0.6700000000000004,5.006e-23
0.6800000000000002,8.504e-23
0.6900000000000004,1.4402e-22
0.7000000000000002,2.432e-22
0.7100000000000004,4.098e-22
0.7200000000000002,6.886e-22
0.7300000000000004,1.154e-21
0.7400000000000002,1.9284e-21
0.75,3.214e-21
0.7600000000000002,5.342e-21
0.77,8.856e-21
0.7800000000000002,1.4642e-20
0.79,2.414e-20
0.8000000000000003,3.97e-20
0.81,6.512e-20
0.8200000000000003,1.0652e-19
0.8300000000000001,1.7376e-19
0.8400000000000003,2.826e-19
0.8500000000000001,4.586e-19
0.8600000000000003,7.422e-19
0.8700000000000001,1.1978e-18
0.8800000000000003,1.928e-18
0.8900000000000001,3.096e-18
0.9000000000000004,4.956e-18
0.9100000000000001,7.912e-18
0.9200000000000004,1.2598e-17
0.9300000000000002,2e-17
0.9400000000000004,3.17e-17
0.9500000000000002,5.006e-17
0.9600000000000004,7.886e-17
0.9700000000000002,1.2392e-16
0.9800000000000004,1.942e-16
0.9900000000000002,3.034e-16
1.0,4.73e-16
1.0100000000000002,7.354e-16
1.02,1.14e-15
1.0300000000000002,1.7628e-15
1.04,2.718e-15
1.0500000000000003,4.18e-15
1.06,6.412e-15
1.0700000000000003,9.81e-15
1.08,1.4968e-14
1.0900000000000003,2.278e-14
1.1,3.456e-14
1.1100000000000003,5.23e-14
1.12,7.896e-14
1.1300000000000003,1.1888e-13
1.1400000000000001,1.7848e-13
1.1500000000000004,2.672e-13
1.1600000000000001,3.992e-13
1.1700000000000004,5.946e-13
1.1800000000000002,8.832e-13
1.1900000000000004,1.3086e-12
1.2000000000000002,1.9336e-12
1.2100000000000004,2.85e-12
1.2200000000000002,4.188e-12
1.2300000000000004,6.14e-12
1.2400000000000002,8.976e-12
1.25,1.309e-11
1.2600000000000002,1.9036e-11
1.27,2.76e-11
1.2800000000000002,3.994e-11
1.29,5.762e-11
1.3000000000000003,8.292e-11
1.31,1.19e-10
1.3200000000000003,1.7032e-10
1.33,2.432e-10
1.3400000000000003,3.462e-10
1.35,4.916e-10
1.3600000000000003,6.962e-10
1.37,9.834e-10
1.3800000000000003,1.3852e-09
1.3900000000000001,1.9464e-09
1.4000000000000004,2.728e-09
1.4100000000000001,3.812e-09
1.4200000000000004,5.314e-09
1.4300000000000002,7.388e-09
1.4400000000000004,1.0246e-08
1.4500000000000002,1.4172e-08
1.4600000000000004,1.9548e-08
1.4700000000000002,2.69e-08
1.4800000000000004,3.69e-08
1.4900000000000002,5.05e-08
1.5,6.894e-08
1.5100000000000002,9.386e-08
1.52,1.2746e-07
1.5300000000000002,1.7264e-07
1.54,2.332e-07
1.5500000000000003,3.142e-07
1.56,4.222e-07
1.5700000000000003,5.66e-07
1.58,7.566e-07
1.5900000000000003,1.0088e-06
1.6,1.3416e-06
1.6100000000000003,1.7798e-06
1.62,2.354e-06
1.6300000000000003,3.108e-06
1.6400000000000001,4.09e-06
1.6500000000000004,5.37e-06
1.6600000000000001,7.032e-06
1.6700000000000004,9.184e-06
1.6800000000000002,1.1966e-05
1.6900000000000004,1.5548e-05
1.7000000000000002,2.016e-05
1.7100000000000004,2.606e-05
1.7200000000000002,3.36e-05
1.7300000000000004,4.322e-05
1.7400000000000002,5.544e-05
1.75,7.096e-05
1.7600000000000002,9.058e-05
1.77,0.00011532
1.7800000000000002,0.00014648
1.79,0.00018556
1.8000000000000003,0.0002344
1.81,0.0002956
1.8200000000000003,0.0003716
1.83,0.0004662
1.8400000000000003,0.0005832
1.85,0.0007278
1.8600000000000003,0.000906
1.87,0.0011252
1.8800000000000003,0.0013938
1.8900000000000001,0.0017222
1.9000000000000004,0.002122
1.9100000000000001,0.00261
1.9200000000000004,0.003202
1.9300000000000002,0.003918
1.9400000000000004,0.004782
1.9500000000000002,0.005822
1.9600000000000004,0.007074
1.9700000000000002,0.008572
1.9800000000000004,0.010362
1.9900000000000002,0.012496
2.0,0.015032
2.0100000000000002,0.018042
2.0200000000000005,0.0216
2.0300000000000002,0.0258
2.04,0.03074
2.0500000000000003,0.03656
2.0600000000000005,0.04336
2.0700000000000003,0.0513
2.08,0.06056
2.0900000000000003,0.0713
2.1000000000000005,0.08378
2.1100000000000003,0.09822
2.12,0.11486
2.13,0.13402
2.14,0.156
2.1500000000000004,0.18118
2.16,0.21
2.17,0.2428
2.18,0.28
2.1900000000000004,0.3222
2.2,0.37
2.21,0.4238
2.22,0.4844
2.2300000000000004,0.5526
2.24,0.6288
2.25,0.7138
2.2600000000000002,0.8086
2.2700000000000005,0.914
2.2800000000000002,1.0308
2.29,1.16
2.3000000000000003,1.3026
2.3100000000000005,1.4594
2.3200000000000003,1.6314
2.33,1.8196
2.3400000000000003,2.026
2.3500000000000005,2.25
2.3600000000000003,2.492
2.37,2.756
2.38,3.04
2.39,3.348
2.4000000000000004,3.678
2.41,4.032
2.42,4.41
2.43,4.814
2.4400000000000004,5.244
2.45,5.7
2.46,6.182
2.47,6.692
2.4800000000000004,7.226
2.49,7.788
2.5,8.376
2.5100000000000002,8.99
2.5200000000000005,9.63
2.5300000000000002,10.292
2.54,10.978
2.5500000000000003,11.686
2.5600000000000005,12.414
2.5700000000000003,13.16
2.58,13.924
2.5900000000000003,14.702
2.6000000000000005,15.492
2.6100000000000003,16.292
2.62,17.1
2.63,17.914
2.64,18.73
2.6500000000000004,19.544
2.66,20.36
2.67,21.16
2.68,21.96
2.6900000000000004,22.74
2.7,23.52
2.71,24.26
2.72,25.0
2.7300000000000004,25.7
2.74,26.4
2.75,27.04
2.7600000000000002,27.68
2.7700000000000005,28.26
2.7800000000000002,28.82
2.79,29.36
2.8000000000000003,29.84
2.8100000000000005,30.3
2.8200000000000003,30.7
2.83,31.08
2.8400000000000003,31.42
2.8500000000000005,31.72
2.8600000000000003,31.98
2.87,32.2
2.88,32.38
2.89,32.52
2.9000000000000004,32.62
2.91,32.68
2.92,32.72
2.93,32.74
2.9400000000000004,32.7
2.95,32.64
2.96,32.56
2.97,32.44
2.9800000000000004,32.32
2.99,32.16
3.0,31.98
3.0100000000000002,31.78
3.0200000000000005,31.56
3.0300000000000002,31.34
3.04,31.08
3.0500000000000003,30.84
3.06,30.56
3.0700000000000003,30.3
3.08,30.0
3.0900000000000003,29.72
3.1,29.44
3.1100000000000003,29.14
3.12,28.86
3.1300000000000003,28.56
3.14,28.28
3.1500000000000004,27.98
3.16,27.7
3.1700000000000004,27.44
3.18,27.16
3.1900000000000004,26.9
3.2,26.66
3.21,26.42
3.22,26.2
3.2300000000000004,25.98
3.24,25.78
3.25,25.58
3.2600000000000002,25.42
3.2700000000000005,25.26
3.2800000000000002,25.12
3.29,25.0
3.3000000000000003,24.88
3.31,24.8
3.3200000000000003,24.72
3.33,24.66
3.3400000000000003,24.62
3.35,24.62
3.3600000000000003,24.6
3.37,24.62
3.3800000000000003,24.66
3.39,24.72
3.4000000000000004,24.78
3.41,24.86
3.4200000000000004,24.98
3.43,25.08
3.4400000000000004,25.22
3.45,25.36
3.46,25.54
3.47,25.7
3.4800000000000004,25.9
3.49,26.08
3.5,26.3
3.5100000000000002,26.52
3.5200000000000005,26.74
3.5300000000000002,26.98
3.54,27.22
3.5500000000000003,27.48
3.56,27.74
3.5700000000000003,28.0
3.58,28.26
3.5900000000000003,28.54
3.6,28.82
3.6100000000000003,29.1
3.62,29.4
3.6300000000000003,29.7
3.64,30.0
3.6500000000000004,30.3
3.66,30.62
3.6700000000000004,30.92
3.68,31.24
3.6900000000000004,31.58
3.7,31.92
3.71,32.26
3.72,32.6
3.7300000000000004,32.96
3.74,33.32
3.75,33.68
3.7600000000000002,34.06
3.77,34.46
3.7800000000000002,34.86
3.79,35.26
3.8000000000000003,35.68
3.81,36.1
3.8200000000000003,36.52
3.83,36.96
3.8400000000000003,37.4
3.85,37.86
3.8600000000000003,38.32
3.87,38.78
3.8800000000000003,39.26
3.89,39.72
3.9000000000000004,40.2
3.91,40.68
3.9200000000000004,41.16
3.93,41.64
3.9400000000000004,42.1
3.95,42.58
3.9600000000000004,43.04
3.97,43.48
3.9800000000000004,43.92
3.99,44.36
4.0,44.78
4.01,45.18
4.0200000000000005,45.58
4.03,45.94
4.04,46.3
4.05,46.62
4.0600000000000005,46.94
4.07,47.22
4.08,47.48
4.09,47.72
4.1000000000000005,47.94
4.11,48.12
4.12,48.28
4.13,48.4
4.140000000000001,48.5
4.15,48.58
4.16,48.62
4.17,48.62
4.180000000000001,48.6
4.19,48.56
4.2,48.48
4.21,48.36
4.220000000000001,48.22
4.23,48.04
4.24,47.84
4.25,47.6
4.26,47.32
4.2700000000000005,47.04
4.28,46.7
4.29,46.34
4.3,45.96
4.3100000000000005,45.54
4.32,45.08
4.33,44.6
4.34,44.08
4.3500000000000005,43.54
4.36,42.96
4.37,42.36
4.38,41.74
4.390000000000001,41.06
4.4,40.38
4.41,39.66
4.42,38.92
4.430000000000001,38.14
4.44,37.34
4.45,36.52
4.46,35.66
4.470000000000001,34.8
4.48,33.9
4.49,32.98
4.5,32.06
4.51,31.1
4.5200000000000005,30.14
4.53,29.16
4.54,28.18
4.550000000000001,27.2
4.5600000000000005,26.2
4.57,25.18
4.58,24.18
4.59,23.18
4.6000000000000005,22.18
4.61,21.18
4.62,20.2
4.63,19.228
4.640000000000001,18.268
4.65,17.324
4.66,16.398
4.67,15.49
4.68,14.606
4.69,13.744
4.7,12.908
4.71,12.098
4.720000000000001,11.316
4.73,10.562
4.74,9.838
4.75,9.144
4.76,8.482
4.7700000000000005,7.85
4.78,7.25
4.79,6.68
4.800000000000001,6.142
4.8100000000000005,5.636
4.82,5.16
4.83,4.712
4.84,4.294
4.8500000000000005,3.904
4.86,3.542
4.87,3.206
4.88,2.896
4.890000000000001,2.608
4.9,2.344
4.91,2.102
4.92,1.8808
4.93,1.6788
4.94,1.4948
4.95,1.3278
4.96,1.1766
4.970000000000001,1.0402
4.98,0.9174
4.99,0.8072
5.0,0.7086
5.01,0.6204
5.0200000000000005,0.5418
5.03,0.4722
5.04,0.4104
5.050000000000001,0.3558
5.0600000000000005,0.3078
5.07,0.2656
5.08,0.2286
5.09,0.19632
5.1000000000000005,0.16814
5.11,0.14366
5.12,0.12244
5.13,0.1041
5.140000000000001,0.08828
5.15,0.07468
5.16,0.06302
5.17,0.05304
5.18,0.04454
5.19,0.0373
5.2,0.03116
5.21,0.02596
5.220000000000001,0.02158
5.23,0.017898
5.24,0.014804
5.25,0.012212
5.26,0.01005
5.2700000000000005,0.008248
5.28,0.006754
5.29,0.005516
5.300000000000001,0.004492
5.3100000000000005,0.00365
5.32,0.002958
5.33,0.002392
5.34,0.0019286
5.3500000000000005,0.0015512
5.36,0.0012444
5.37,0.0009958
5.38,0.0007948
5.390000000000001,0.0006328
5.4,0.0005024
5.41,0.000398
5.42,0.0003144
5.43,0.0002478
5.44,0.00019472
5.45,0.00015266
5.46,0.00011936
5.470000000000001,9.31e-05
5.48,7.242e-05
5.49,5.62e-05
5.5,4.348e-05
5.51,3.356e-05
5.5200000000000005,2.584e-05
5.53,1.9846e-05
5.54,1.5202e-05
5.550000000000001,1.1614e-05
5.5600000000000005,8.85e-06
5.57,6.726e-06
5.58,5.098e-06
5.59,3.854e-06
5.6000000000000005,2.906e-06
5.61,2.186e-06
5.62,1.6404e-06
5.63,1.2274e-06
5.640000000000001,9.16e-07
5.65,6.818e-07
5.66,5.062e-07
5.67,3.748e-07
5.68,2.768e-07
5.69,2.04e-07
5.7,1.4984e-07
5.71,1.098e-07
5.720000000000001,8.026e-08
5.73,5.85e-08
5.74,4.254e-08
5.75,3.084e-08
5.76,2.232e-08
5.7700000000000005,1.6094e-08
5.78,1.158e-08
5.79,8.31e-09
5.800000000000001,5.948e-09
5.8100000000000005,4.246e-09
5.82,3.022e-09
5.83,2.146e-09
5.84,1.5202e-09
5.8500000000000005,1.0738e-09
5.86,7.566e-10
5.87,5.316e-10
5.88,3.726e-10
5.890000000000001,2.604e-10
5.9,1.8154e-10
5.91,1.2622e-10
5.92,8.752e-11
5.93,6.054e-11
5.94,4.176e-11
5.95,2.872e-11
5.96,1.9714e-11
5.970000000000001,1.3492e-11
5.98,9.208e-12
5.99,6.268e-12
6.0,4.256e-12
6.01,2.882e-12
6.02,1.9464e-12
6.03,1.3112e-12
6.04,8.808e-13
6.050000000000001,5.902e-13
6.0600000000000005,3.944e-13
6.07,2.628e-13
6.08,1.7472e-13
6.09,1.1582e-13
6.1,7.658e-14
6.11,5.05e-14
6.12,3.322e-14
6.130000000000001,2.178e-14
6.140000000000001,1.4252e-14
6.15,9.3e-15
6.16,6.052e-15
6.17,3.928e-15
6.18,2.542e-15
6.19,1.641e-15
6.2,1.0566e-15
6.210000000000001,6.784e-16
6.220000000000001,4.346e-16
6.23,2.776e-16
6.24,1.768e-16
6.25,1.1232e-16
6.26,7.116e-17
6.27,4.498e-17
6.28,2.834e-17
6.29,1.7818e-17
6.300000000000001,1.117e-17
6.3100000000000005,6.984e-18
6.32,4.356e-18
6.33,2.708e-18
6.34,1.6798999999999998e-18
6.35,1.0392e-18
6.36,6.412e-19
6.37,3.944e-19
6.380000000000001,2.42e-19
6.390000000000001,1.4816e-19
6.4,9.044e-20
6.41,5.505e-20
6.42,3.342e-20
6.43,2.024e-20
6.44,1.2222e-20
6.45,7.36e-21
6.460000000000001,4.422e-21
6.470000000000001,2.648e-21
6.48,1.5824e-21
6.49,9.43e-22
6.5,5.604e-22
6.51,3.322e-22
6.52,1.963e-22
6.53,1.1572e-22
6.54,6.804e-23
6.550000000000001,3.99e-23
6.5600000000000005,2.334e-23
6.57,1.3606e-23
6.58,7.914e-24
6.59,4.592e-24
6.6,2.656e-24
6.61,1.5328e-24
6.62,8.82e-25
6.630000000000001,5.062e-25
6.640000000000001,2.898e-25
6.65,1.654e-25
6.66,9.416e-26
6.67,5.346e-26
6.68,3.028e-26
6.69,1.7098e-26
6.7,9.63e-27
6.710000000000001,5.41e-27
6.720000000000001,3.03e-27
6.73,1.6932e-27
6.74,9.436e-28
6.75,5.244e-28
6.76,2.906e-28
6.77,1.6064e-28
6.78,8.856e-29
6.79,4.868e-29
6.800000000000001,2.67e-29
6.8100000000000005,1.4598e-29
6.82,7.961e-30
6.83,4.33e-30
6.84,2.348e-30
6.85,1.2706e-30
6.86,6.856e-31
6.87,3.69e-31
6.880000000000001,1.9798e-31
6.890000000000001,1.0596e-31
6.9,5.656e-32
6.91,3.01e-32
6.92,1.5984e-32
6.93,8.462e-33
6.94,4.468e-33
6.95,2.354e-33
6.960000000000001,1.236e-33
6.970000000000001,6.474e-34
6.98,3.382e-34
6.99,1.7622e-34
7.0,9.156e-35
7.01,4.744e-35
7.02,2.452e-35
7.03,1.2639e-35
7.04,6.496e-36
7.050000000000001,3.33e-36
7.0600000000000005,1.7028e-36
7.07,8.682e-37
7.08,4.416e-37
7.09,2.24e-37
7.1,1.1326e-37
7.11,5.714e-38
7.12,2.874e-38
7.130000000000001,1.4422e-38
7.140000000000001,7.216e-39
7.15,3.601e-39
7.16,1.7922e-39
7.17,8.896e-40
7.18,4.404e-40
7.19,2.174e-40
7.2,1.0704e-40
7.210000000000001,5.256e-41
7.220000000000001,2.574e-41
7.23,1.257e-41
7.24,6.122e-42
7.25,2.974e-42
7.26,1.4408e-42
7.27,6.962e-43
7.28,3.354e-43
7.29,1.612e-43
7.300000000000001,7.726e-44
7.3100000000000005,3.692e-44
7.32,1.7602e-44
7.33,8.368e-45
7.34,3.968e-45
7.35,1.876e-45
7.36,8.846e-46
7.37,4.16e-46
7.380000000000001,1.9516e-46
7.390000000000001,9.128e-47
7.4,4.258e-47
7.41,1.9814e-47
7.42,9.194e-48
7.43,4.254e-48
7.44,1.9636e-48
7.45,9.038e-49
7.460000000000001,4.148e-49
7.470000000000001,1.8992e-49
7.48,8.671e-50
7.49,3.948e-50
7.5,1.7929e-50
7.51,8.12e-51
7.52,3.668e-51
7.53,1.652e-51
7.54,7.422e-52
7.550000000000001,3.324e-52
7.5600000000000005,1.4856e-52
7.57,6.62e-53
7.58,2.942e-53
7.59,1.304e-53
7.6,5.764e-54
7.61,2.54e-54
7.62,1.117e-54
7.630000000000001,4.898e-55
7.640000000000001,2.142e-55
7.65,9.34e-56
7.66,4.062e-56
7.67,1.762e-56
7.68,7.622e-57
7.69,3.288e-57
7.7,1.4148e-57
7.710000000000001,6.07e-58
7.720000000000001,2.598e-58
7.73,1.1088e-58
7.74,4.72e-59
7.75,2.004e-59
7.76,8.482e-60
7.77,3.58e-60
7.78,1.5078e-60
7.79,6.332e-61
7.800000000000001,2.652e-61
7.8100000000000005,1.1076e-61
7.82,4.614e-62
7.83,1.9165e-62
7.84,7.94e-63
7.85,3.28e-63
7.86,1.352e-63
7.87,5.556e-64
7.880000000000001,2.278e-64
7.890000000000001,9.308e-65
7.9,3.794e-65
7.91,1.5426e-65
7.92,6.254e-66
7.93,2.53e-66
7.94,1.02e-66
7.95,4.102e-67
7.960000000000001,1.6454e-67
7.970000000000001,6.582e-68
7.98,2.626e-68
7.99,1.0447e-68
8.0,4.146e-69
8.01,1.6404e-69
8.02,6.474e-70
8.030000000000001,2.548e-70
8.04,1.0002e-70
8.05,3.916e-71
8.06,1.5288e-71
8.07,5.952e-72
8.08,2.312e-72
8.09,8.952e-73
8.100000000000001,3.458e-73
8.11,1.3318e-73
8.120000000000001,5.116e-74
8.129999999999999,1.96e-74
8.14,7.488e-75
8.15,2.854e-75
8.16,1.0844e-75
8.17,4.11e-76
8.18,1.5534e-76
8.190000000000001,5.856e-77
8.2,2.202e-77
8.21,8.254e-78
8.22,3.086e-78
8.23,1.1509000000000002e-78
8.24,4.28e-79
8.25,1.5876e-79
8.26,5.872e-80
8.27,2.166e-80
8.280000000000001,7.971000000000001e-81
8.29,2.926e-81
8.3,1.071e-81
8.31,3.914e-82
8.32,1.4304e-82
8.33,5.25e-83
8.34,1.958e-83
8.350000000000001,7.648e-84
8.36,3.334e-84
8.370000000000001,1.7828e-84
8.379999999999999,1.225e-84
8.39,1.025e-84
8.4,9.534e-85
8.41,9.28e-85
8.42,9.188e-85
8.43,9.182e-85
8.440000000000001,9.182e-85
8.45,9.182e-85
8.46,9.182e-85
8.47,9.182e-85
8.48,9.182e-85
8.49,9.182e-85
8.5,9.182e-85
8.51,9.182e-85
8.52,9.182e-85
8.530000000000001,9.182e-85
8.54,9.182e-85
8.55,9.182e-85
8.56,9.182e-85
8.57,9.182e-85
8.58,9.182e-85
8.59,9.182e-85
8.600000000000001,9.182e-85
8.61,9.182e-85
8.620000000000001,9.182e-85
8.629999999999999,9.182e-85
8.64,9.182e-85
8.65,9.182e-85
8.66,9.182e-85
8.67,9.182e-85
8.68,9.182e-85
8.690000000000001,9.182e-85
8.7,9.182e-85
8.71,9.182e-85
8.72,9.182e-85
8.73,9.182e-85
8.74,9.182e-85
8.75,9.182e-85
8.76,9.182e-85
8.77,9.182e-85
8.780000000000001,9.182e-85
8.79,9.182e-85
8.8,9.182e-85
8.81,9.182e-85
8.82,9.182e-85
8.83,9.182e-85
8.84,9.182e-85
8.850000000000001,9.182e-85
8.86,9.182e-85
8.870000000000001,9.182e-85
8.879999999999999,9.182e-85
8.89,9.182e-85
8.9,9.182e-85
8.91,9.182e-85
8.92,9.182e-85
8.93,9.182e-85
8.940000000000001,9.182e-85
8.95,9.182e-85
8.96,9.182e-85
8.97,9.182e-85
8.98,9.182e-85
8.99,9.182e-85
